MASTER_PORT=27693
{'device': device(type='cuda', index=0), 'batch_size_train': 8, 'batch_size_eval': 10, 'num_epochs': 40, 'iter_epoch': 5603, 'TFnum_epochs': 20, 'TFlr': 1.5e-05, 'early_stopping': True, 'patience': 4, 'warmup': 2000, 'adr_pretr': './../data/CMIP6_separate_model_up150m_tauxy_Nor_kb.nc', 'interval': 4, 'TraindataProportion': 0.9, 'all_group': 13000, 'adr_eval': './../data/SODA_ORAS_group_temp_tauxy_before1979_kb.nc', 'needtauxy': True, 'input_channal': 7, 'output_channal': 7, 'input_length': 12, 'output_length': 20, 'sequence_length_train': 32, 'lev_range': (1, 8), 'lon_range': (45, 165), 'lat_range': (0, 48), 'lon_nino_relative': (49, 75), 'lat_nino_relative': (15, 36), 'patch_size': (4, 4), 'H0': 16, 'W0': 30, 'emb_spatial_size': 480, 'model_savepath': './../model/geoformer/', 'model_savepath_swin': './../model/swinlstm/test/', 'seeds': 42, 'd_size': 256, 'nheads': 4, 'dim_feedforward': 512, 'dropout': 0.2, 'num_encoder_layers': 4, 'num_decoder_layers': 4, 'input_dim': 9, 'output_dim': 9, 'num_channels': 256, 'num_layers': 3, 'num_conditions': 0, 'num_tails': 2, 'k_conv': 7, 'loss_mode': 'parametric', 'cutout': 0.2, 'step_strided_conv': False, 'decay': True, 'decay_rate': 0.65, 'base_lr': 0.0001, 'min_lr': 1e-06, 'pct_start': 0.022727272727272728, 'div_factor': 10000000000.0, 'final_div_factor': 1, 'weight_decay': 0.05}

loading pre-train dataset...
loading tauxy...
{'temp lev: 5.0m to 150.0m', 'lat: -20.0S to 17.0N', 'lon: 92.0E to 330.0E'}

loading evaluation dataset...
loading tauxy...
loading tauxy...
Random sampling...
End of sampling...
{'lat: -20.0S to 17.0N', 'lon: 92.0E to 330.0E', 'lev: 5.0m to 150.0m'}
================================================================================

-->epoch: 0
j:  0

-->batch:0 loss_var:203.83, loss_nino:36.46, score:-3.284
j:  1
j:  2
j:  3
j:  4
j:  5
j:  6
j:  7
j:  8
j:  9
j:  10
j:  11
j:  12
j:  13
j:  14
j:  15
j:  16
j:  17
j:  18
j:  19
j:  20
j:  21
j:  22
j:  23
j:  24
j:  25
j:  26
j:  27
j:  28
j:  29
j:  30
j:  31
j:  32
j:  33
j:  34
j:  35
j:  36
j:  37
j:  38
j:  39
j:  40
j:  41
j:  42
j:  43
j:  44
j:  45
j:  46
j:  47
j:  48
j:  49
j:  50
j:  51
j:  52
j:  53
j:  54
j:  55
j:  56
j:  57
j:  58
j:  59
j:  60
j:  61
j:  62
j:  63
j:  64
j:  65
j:  66
j:  67
j:  68
j:  69
j:  70
j:  71
j:  72
j:  73
j:  74
j:  75
j:  76
j:  77
j:  78
j:  79
j:  80
j:  81
j:  82
j:  83
j:  84
j:  85
j:  86
j:  87
j:  88
j:  89
j:  90
j:  91
j:  92
j:  93
j:  94
j:  95
j:  96
j:  97
j:  98
j:  99
j:  100

-->batch:100 loss_var:213.23, loss_nino:40.42, score:-13.337
j:  101
j:  102
j:  103
j:  104
j:  105
j:  106
j:  107
j:  108
j:  109
j:  110
j:  111
j:  112
j:  113
j:  114
j:  115
j:  116
j:  117
j:  118
j:  119
j:  120
j:  121
j:  122
j:  123
j:  124
j:  125
j:  126
j:  127
j:  128
j:  129
j:  130
j:  131
j:  132
j:  133
j:  134
j:  135
j:  136
j:  137
j:  138
j:  139
j:  140
j:  141
j:  142
j:  143
j:  144
j:  145
j:  146
j:  147
j:  148
j:  149
j:  150
j:  151
j:  152
j:  153
j:  154
j:  155
j:  156
j:  157
j:  158
j:  159
j:  160
j:  161
j:  162
j:  163
j:  164
j:  165
j:  166
j:  167
j:  168
j:  169
j:  170
j:  171
j:  172
j:  173
j:  174
j:  175
j:  176
j:  177
j:  178
j:  179
j:  180
j:  181
j:  182
j:  183
j:  184
j:  185
j:  186
j:  187
j:  188
j:  189
j:  190
j:  191
j:  192
j:  193
j:  194
j:  195
j:  196
j:  197
j:  198
j:  199
j:  200

-->batch:200 loss_var:192.89, loss_nino:30.71, score:-32.575
j:  201
j:  202
j:  203
j:  204
j:  205
j:  206
j:  207
j:  208
j:  209
j:  210
j:  211
j:  212
j:  213
j:  214
j:  215
j:  216
j:  217
j:  218
j:  219
j:  220
j:  221
j:  222
j:  223
j:  224
j:  225
j:  226
j:  227
j:  228
j:  229
j:  230
j:  231
j:  232
j:  233
j:  234
j:  235
j:  236
j:  237
j:  238
j:  239
j:  240
j:  241
j:  242
j:  243
j:  244
j:  245
j:  246
j:  247
j:  248
j:  249
j:  250
j:  251
j:  252
j:  253
j:  254
j:  255
j:  256
j:  257
j:  258
j:  259
j:  260
j:  261
j:  262
j:  263
j:  264
j:  265
j:  266
j:  267
j:  268
j:  269
j:  270
j:  271
j:  272
j:  273
j:  274
j:  275
j:  276
j:  277
j:  278
j:  279
j:  280
j:  281
j:  282
j:  283
j:  284
j:  285
j:  286
j:  287
j:  288
j:  289
j:  290
j:  291
j:  292
j:  293
j:  294
j:  295
j:  296
j:  297
j:  298
j:  299
j:  300

-->batch:300 loss_var:191.28, loss_nino:31.19, score:-67.269
j:  301
j:  302
j:  303
j:  304
j:  305
j:  306
j:  307
j:  308
j:  309
j:  310
j:  311
j:  312
j:  313
j:  314
j:  315
j:  316
j:  317
j:  318
j:  319
j:  320
j:  321
j:  322
j:  323
j:  324
j:  325
j:  326
j:  327
j:  328
j:  329
j:  330
j:  331
j:  332
j:  333
j:  334
j:  335
j:  336
j:  337
j:  338
j:  339
j:  340
j:  341
j:  342
j:  343
j:  344
j:  345
j:  346
j:  347
j:  348
j:  349
j:  350
j:  351
j:  352
j:  353
j:  354
j:  355
j:  356
j:  357
j:  358
j:  359
j:  360
j:  361
j:  362
j:  363
j:  364
j:  365
j:  366
j:  367
j:  368
j:  369
j:  370
j:  371
j:  372
j:  373
j:  374
j:  375
j:  376
j:  377
j:  378
j:  379
j:  380
j:  381
j:  382
j:  383
j:  384
j:  385
j:  386
j:  387
j:  388
j:  389
j:  390
j:  391
j:  392
j:  393
j:  394
j:  395
j:  396
j:  397
j:  398
j:  399
j:  400

-->batch:400 loss_var:190.89, loss_nino:32.08, score:-8.635
j:  401
j:  402
j:  403
j:  404
j:  405
j:  406
j:  407
j:  408
j:  409
j:  410
j:  411
j:  412
j:  413
j:  414
j:  415
j:  416
j:  417
j:  418
j:  419
j:  420
j:  421
j:  422
j:  423
j:  424
j:  425
j:  426
j:  427
j:  428
j:  429
j:  430
j:  431
j:  432
j:  433
j:  434
j:  435
j:  436
j:  437
j:  438
j:  439
j:  440
j:  441
j:  442
j:  443
j:  444
j:  445
j:  446
j:  447
j:  448
j:  449
j:  450
j:  451
j:  452
j:  453
j:  454
j:  455
j:  456
j:  457
j:  458
j:  459
j:  460
j:  461
j:  462
j:  463
j:  464
j:  465
j:  466
j:  467
j:  468
j:  469
j:  470
j:  471
j:  472
j:  473
j:  474
j:  475
j:  476
j:  477
j:  478
j:  479
j:  480
j:  481
j:  482
j:  483
j:  484
j:  485
j:  486
j:  487
j:  488
j:  489
j:  490
j:  491
j:  492
j:  493
j:  494
j:  495
j:  496
j:  497
j:  498
j:  499
j:  500

-->batch:500 loss_var:200.69, loss_nino:35.88, score:-37.309
j:  501
j:  502
j:  503
j:  504
j:  505
j:  506
j:  507
j:  508
j:  509
j:  510
j:  511
j:  512
j:  513
j:  514
j:  515
j:  516
j:  517
j:  518
j:  519
j:  520
j:  521
j:  522
j:  523
j:  524
j:  525
j:  526
j:  527
j:  528
j:  529
j:  530
j:  531
j:  532
j:  533
j:  534
j:  535
j:  536
j:  537
j:  538
j:  539
j:  540
j:  541
j:  542
j:  543
j:  544
j:  545
j:  546
j:  547
j:  548
j:  549
j:  550
j:  551
j:  552
j:  553
j:  554
j:  555
j:  556
j:  557
j:  558
j:  559
j:  560
j:  561
j:  562
j:  563
j:  564
j:  565
j:  566
j:  567
j:  568
j:  569
j:  570
j:  571
j:  572
j:  573
j:  574
j:  575
j:  576
j:  577
j:  578
j:  579
j:  580
j:  581
j:  582
j:  583
j:  584
j:  585
j:  586
j:  587
j:  588
j:  589
j:  590
j:  591
j:  592
j:  593
j:  594
j:  595
j:  596
j:  597
j:  598
j:  599
j:  600

-->batch:600 loss_var:169.34, loss_nino:21.95, score:2.354
j:  601
j:  602
j:  603
j:  604
j:  605
j:  606
j:  607
j:  608
j:  609
j:  610
j:  611
j:  612
j:  613
j:  614
j:  615
j:  616
j:  617
j:  618
j:  619
j:  620
j:  621
j:  622
j:  623
j:  624
j:  625
j:  626
j:  627
j:  628
j:  629
j:  630
j:  631
j:  632
j:  633
j:  634
j:  635
j:  636
j:  637
j:  638
j:  639
j:  640
j:  641
j:  642
j:  643
j:  644
j:  645
j:  646
j:  647
j:  648
j:  649
j:  650
j:  651
j:  652
j:  653
j:  654
j:  655
j:  656
j:  657
j:  658
j:  659
j:  660
j:  661
j:  662
j:  663
j:  664
j:  665
j:  666
j:  667
j:  668
j:  669
j:  670
j:  671
j:  672
j:  673
j:  674
j:  675
j:  676
j:  677
j:  678
j:  679
j:  680
j:  681
j:  682
j:  683
j:  684
j:  685
j:  686
j:  687
j:  688
j:  689
j:  690
j:  691
j:  692
j:  693
j:  694
j:  695
j:  696
j:  697
j:  698
j:  699
j:  700

-->batch:700 loss_var:199.70, loss_nino:37.87, score:-25.907
j:  701
j:  702
j:  703
j:  704
j:  705
j:  706
j:  707
j:  708
j:  709
j:  710
j:  711
j:  712
j:  713
j:  714
j:  715
j:  716
j:  717
j:  718
j:  719
j:  720
j:  721
j:  722
j:  723
j:  724
j:  725
j:  726
j:  727
j:  728
j:  729
j:  730
j:  731
j:  732
j:  733
j:  734
j:  735
j:  736
j:  737
j:  738
j:  739
j:  740
j:  741
j:  742
j:  743
j:  744
j:  745
j:  746
j:  747
j:  748
j:  749
j:  750
j:  751
j:  752
j:  753
j:  754
j:  755
j:  756
j:  757
j:  758
j:  759
j:  760
j:  761
j:  762
j:  763
j:  764
j:  765
j:  766
j:  767
j:  768
j:  769
j:  770
j:  771
j:  772
j:  773
j:  774
j:  775
j:  776
j:  777
j:  778
j:  779
j:  780
j:  781
j:  782
j:  783
j:  784
j:  785
j:  786
j:  787
j:  788
j:  789
j:  790
j:  791
j:  792
j:  793
j:  794
j:  795
j:  796
j:  797
j:  798
j:  799
j:  800

-->batch:800 loss_var:167.90, loss_nino:27.25, score:-55.965
j:  801
j:  802
j:  803
j:  804
j:  805
j:  806
j:  807
j:  808
j:  809
j:  810
j:  811
j:  812
j:  813
j:  814
j:  815
j:  816
j:  817
j:  818
j:  819
j:  820
j:  821
j:  822
j:  823
j:  824
j:  825
j:  826
j:  827
j:  828
j:  829
j:  830
j:  831
j:  832
j:  833
j:  834
j:  835
j:  836
j:  837
j:  838
j:  839
j:  840
j:  841
j:  842
j:  843
j:  844
j:  845
j:  846
j:  847
j:  848
j:  849
j:  850
j:  851
j:  852
j:  853
j:  854
j:  855
j:  856
j:  857
j:  858
j:  859
j:  860
j:  861
j:  862
j:  863
j:  864
j:  865
j:  866
j:  867
j:  868
j:  869
j:  870
j:  871
j:  872
j:  873
j:  874
j:  875
j:  876
j:  877
j:  878
j:  879
j:  880
j:  881
j:  882
j:  883
j:  884
j:  885
j:  886
j:  887
j:  888
j:  889
j:  890
j:  891
j:  892
j:  893
j:  894
j:  895
j:  896
j:  897
j:  898
j:  899
j:  900

-->batch:900 loss_var:163.19, loss_nino:26.74, score:-27.499
j:  901
j:  902
j:  903
j:  904
j:  905
j:  906
j:  907
j:  908
j:  909
j:  910
j:  911
j:  912
j:  913
j:  914
j:  915
j:  916
j:  917
j:  918
j:  919
j:  920
j:  921
j:  922
j:  923
j:  924
j:  925
j:  926
j:  927
j:  928
j:  929
j:  930
j:  931
j:  932
j:  933
j:  934
j:  935
j:  936
j:  937
j:  938
j:  939
j:  940
j:  941
j:  942
j:  943
j:  944
j:  945
j:  946
j:  947
j:  948
j:  949
j:  950
j:  951
j:  952
j:  953
j:  954
j:  955
j:  956
j:  957
j:  958
j:  959
j:  960
j:  961
j:  962
j:  963
j:  964
j:  965
j:  966
j:  967
j:  968
j:  969
j:  970
j:  971
j:  972
j:  973
j:  974
j:  975
j:  976
j:  977
j:  978
j:  979
j:  980
j:  981
j:  982
j:  983
j:  984
j:  985
j:  986
j:  987
j:  988
j:  989
j:  990
j:  991
j:  992
j:  993
j:  994
j:  995
j:  996
j:  997
j:  998
j:  999
j:  1000

-->batch:1000 loss_var:175.17, loss_nino:26.05, score:19.690
j:  1001
j:  1002
j:  1003
j:  1004
j:  1005
j:  1006
j:  1007
j:  1008
j:  1009
j:  1010
j:  1011
j:  1012
j:  1013
j:  1014
j:  1015
j:  1016
j:  1017
j:  1018
j:  1019
j:  1020
j:  1021
j:  1022
j:  1023
j:  1024
j:  1025
j:  1026
j:  1027
j:  1028
j:  1029
j:  1030
j:  1031
j:  1032
j:  1033
j:  1034
j:  1035
j:  1036
j:  1037
j:  1038
j:  1039
j:  1040
j:  1041
j:  1042
j:  1043
j:  1044
j:  1045
j:  1046
j:  1047
j:  1048
j:  1049
j:  1050
j:  1051
j:  1052
j:  1053
j:  1054
j:  1055
j:  1056
j:  1057
j:  1058
j:  1059
j:  1060
j:  1061
j:  1062
j:  1063
j:  1064
j:  1065
j:  1066
j:  1067
j:  1068
j:  1069
j:  1070
j:  1071
j:  1072
j:  1073
j:  1074
j:  1075
j:  1076
j:  1077
j:  1078
j:  1079
j:  1080
j:  1081
j:  1082
j:  1083
j:  1084
j:  1085
j:  1086
j:  1087
j:  1088
j:  1089
j:  1090
j:  1091
j:  1092
j:  1093
j:  1094
j:  1095
j:  1096
j:  1097
j:  1098
j:  1099
j:  1100

-->batch:1100 loss_var:186.45, loss_nino:32.60, score:-24.145
j:  1101
j:  1102
j:  1103
j:  1104
j:  1105
j:  1106
j:  1107
j:  1108
j:  1109
j:  1110
j:  1111
j:  1112
j:  1113
j:  1114
j:  1115
j:  1116
j:  1117
j:  1118
j:  1119
j:  1120
j:  1121
j:  1122
j:  1123
j:  1124
j:  1125
j:  1126
j:  1127
j:  1128
j:  1129
j:  1130
j:  1131
j:  1132
j:  1133
j:  1134
j:  1135
j:  1136
j:  1137
j:  1138
j:  1139
j:  1140
j:  1141
j:  1142
j:  1143
j:  1144
j:  1145
j:  1146
j:  1147
j:  1148
j:  1149
j:  1150
j:  1151
j:  1152
j:  1153
j:  1154
j:  1155
j:  1156
j:  1157
j:  1158
j:  1159
j:  1160
j:  1161
j:  1162
j:  1163
j:  1164
j:  1165
j:  1166
j:  1167
j:  1168
j:  1169
j:  1170
j:  1171
j:  1172
j:  1173
j:  1174
j:  1175
j:  1176
j:  1177
j:  1178
j:  1179
j:  1180
j:  1181
j:  1182
j:  1183
j:  1184
j:  1185
j:  1186
j:  1187
j:  1188
j:  1189
j:  1190
j:  1191
j:  1192
j:  1193
j:  1194
j:  1195
j:  1196
j:  1197
j:  1198
j:  1199
j:  1200

-->batch:1200 loss_var:164.02, loss_nino:23.13, score:-13.143
j:  1201
j:  1202
j:  1203
j:  1204
j:  1205
j:  1206
j:  1207
j:  1208
j:  1209
j:  1210
j:  1211
j:  1212
j:  1213
j:  1214
j:  1215
j:  1216
j:  1217
j:  1218
j:  1219
j:  1220
j:  1221
j:  1222
j:  1223
j:  1224
j:  1225
j:  1226
j:  1227
j:  1228
j:  1229
j:  1230
j:  1231
j:  1232
j:  1233
j:  1234
j:  1235
j:  1236
j:  1237
j:  1238
j:  1239
j:  1240
j:  1241
j:  1242
j:  1243
j:  1244
j:  1245
j:  1246
j:  1247
j:  1248
j:  1249
j:  1250
j:  1251
j:  1252
j:  1253
j:  1254
j:  1255
j:  1256
j:  1257
j:  1258
j:  1259
j:  1260
j:  1261
j:  1262
j:  1263
j:  1264
j:  1265
j:  1266
j:  1267
j:  1268
j:  1269
j:  1270
j:  1271
j:  1272
j:  1273
j:  1274
j:  1275
j:  1276
j:  1277
j:  1278
j:  1279
j:  1280
j:  1281
j:  1282
j:  1283
j:  1284
j:  1285
j:  1286
j:  1287
j:  1288
j:  1289
j:  1290
j:  1291
j:  1292
j:  1293
j:  1294
j:  1295
j:  1296
j:  1297
j:  1298
j:  1299
j:  1300

-->batch:1300 loss_var:163.12, loss_nino:23.99, score:-34.094
j:  1301
j:  1302
j:  1303
j:  1304
j:  1305
j:  1306
j:  1307
j:  1308
j:  1309
j:  1310
j:  1311
j:  1312
j:  1313
j:  1314
j:  1315
j:  1316
j:  1317
j:  1318
j:  1319
j:  1320
j:  1321
j:  1322
j:  1323
j:  1324
j:  1325
j:  1326
j:  1327
j:  1328
j:  1329
j:  1330
j:  1331
j:  1332
j:  1333
j:  1334
j:  1335
j:  1336
j:  1337
j:  1338
j:  1339
j:  1340
j:  1341
j:  1342
j:  1343
j:  1344
j:  1345
j:  1346
j:  1347
j:  1348
j:  1349
j:  1350
j:  1351
j:  1352
j:  1353
j:  1354
j:  1355
j:  1356
j:  1357
j:  1358
j:  1359
j:  1360
j:  1361
j:  1362
j:  1363
j:  1364
j:  1365
j:  1366
j:  1367
j:  1368
j:  1369
j:  1370
j:  1371
j:  1372
j:  1373
j:  1374
j:  1375
j:  1376
j:  1377
j:  1378
j:  1379
j:  1380
j:  1381
j:  1382
j:  1383
j:  1384
j:  1385
j:  1386
j:  1387
j:  1388
j:  1389
j:  1390
j:  1391
j:  1392
j:  1393
j:  1394
j:  1395
j:  1396
j:  1397
j:  1398
j:  1399
j:  1400

-->batch:1400 loss_var:161.97, loss_nino:25.67, score:19.274
j:  1401
j:  1402
j:  1403
j:  1404
j:  1405
j:  1406
j:  1407
j:  1408
j:  1409
j:  1410
j:  1411
j:  1412
j:  1413
j:  1414
j:  1415
j:  1416
j:  1417
j:  1418
j:  1419
j:  1420
j:  1421
j:  1422
j:  1423
j:  1424
j:  1425
j:  1426
j:  1427
j:  1428
j:  1429
j:  1430
j:  1431
j:  1432
j:  1433
j:  1434
j:  1435
j:  1436
j:  1437
j:  1438
j:  1439
j:  1440
j:  1441
j:  1442
j:  1443
j:  1444
j:  1445
j:  1446
j:  1447
j:  1448
j:  1449
j:  1450
j:  1451
j:  1452
j:  1453
j:  1454
j:  1455
j:  1456
j:  1457
j:  1458
j:  1459
j:  1460
j:  1461
j:  1462
j:  1463
j:  1464
j:  1465
j:  1466
j:  1467
j:  1468
j:  1469
j:  1470
j:  1471
j:  1472
j:  1473
j:  1474
j:  1475
j:  1476
j:  1477
j:  1478
j:  1479
j:  1480
j:  1481
j:  1482
j:  1483
j:  1484
j:  1485
j:  1486
j:  1487
j:  1488
j:  1489
j:  1490
j:  1491
j:  1492
j:  1493
j:  1494
j:  1495
j:  1496
j:  1497
j:  1498
j:  1499
j:  1500

-->batch:1500 loss_var:169.52, loss_nino:22.33, score:-28.478
j:  1501
j:  1502
j:  1503
j:  1504
j:  1505
j:  1506
j:  1507
j:  1508
j:  1509
j:  1510
j:  1511
j:  1512
j:  1513
j:  1514
j:  1515
j:  1516
j:  1517
j:  1518
j:  1519
j:  1520
j:  1521
j:  1522
j:  1523
j:  1524
j:  1525
j:  1526
j:  1527
j:  1528
j:  1529
j:  1530
j:  1531
j:  1532
j:  1533
j:  1534
j:  1535
j:  1536
j:  1537
j:  1538
j:  1539
j:  1540
j:  1541
j:  1542
j:  1543
j:  1544
j:  1545
j:  1546
j:  1547
j:  1548
j:  1549
j:  1550
j:  1551
j:  1552
j:  1553
j:  1554
j:  1555
j:  1556
j:  1557
j:  1558
j:  1559
j:  1560
j:  1561
j:  1562
j:  1563
j:  1564
j:  1565
j:  1566
j:  1567
j:  1568
j:  1569
j:  1570
j:  1571
j:  1572
j:  1573
j:  1574
j:  1575
j:  1576
j:  1577
j:  1578
j:  1579
j:  1580
j:  1581
j:  1582
j:  1583
j:  1584
j:  1585
j:  1586
j:  1587
j:  1588
j:  1589
j:  1590
j:  1591
j:  1592
j:  1593
j:  1594
j:  1595
j:  1596
j:  1597
j:  1598
j:  1599
j:  1600

-->batch:1600 loss_var:178.74, loss_nino:29.72, score:9.326
j:  1601
j:  1602
j:  1603
j:  1604
j:  1605
j:  1606
j:  1607
j:  1608
j:  1609
j:  1610
j:  1611
j:  1612
j:  1613
j:  1614
j:  1615
j:  1616
j:  1617
j:  1618
j:  1619
j:  1620
j:  1621
j:  1622
j:  1623
j:  1624

-->epoch0 end... 
loss_var:174.128 
loss_nino:20.487 
loss_com:0.482 
score: -5.825

sc is increase from -inf to -5.825   
saving model...

================================================================================

-->epoch: 1
j:  0

-->batch:0 loss_var:176.66, loss_nino:30.40, score:15.331
j:  1
j:  2
j:  3
j:  4
j:  5
j:  6
j:  7
j:  8
j:  9
j:  10
j:  11
j:  12
j:  13
j:  14
j:  15
j:  16
j:  17
j:  18
j:  19
j:  20
j:  21
j:  22
j:  23
j:  24
j:  25
j:  26
j:  27
j:  28
j:  29
j:  30
j:  31
j:  32
j:  33
j:  34
j:  35
j:  36
j:  37
j:  38
j:  39
j:  40
j:  41
j:  42
j:  43
j:  44
j:  45
j:  46
j:  47
j:  48
j:  49
j:  50
j:  51
j:  52
j:  53
j:  54
j:  55
j:  56
j:  57
j:  58
j:  59
j:  60
j:  61
j:  62
j:  63
j:  64
j:  65
j:  66
j:  67
j:  68
j:  69
j:  70
j:  71
j:  72
j:  73
j:  74
j:  75
j:  76
j:  77
j:  78
j:  79
j:  80
j:  81
j:  82
j:  83
j:  84
j:  85
j:  86
j:  87
j:  88
j:  89
j:  90
j:  91
j:  92
j:  93
j:  94
j:  95
j:  96
j:  97
j:  98
j:  99
j:  100

-->batch:100 loss_var:180.39, loss_nino:29.77, score:8.742
j:  101
j:  102
j:  103
j:  104
j:  105
j:  106
j:  107
j:  108
j:  109
j:  110
j:  111
j:  112
j:  113
j:  114
j:  115
j:  116
j:  117
j:  118
j:  119
j:  120
j:  121
j:  122
j:  123
j:  124
j:  125
j:  126
j:  127
j:  128
j:  129
j:  130
j:  131
j:  132
j:  133
j:  134
j:  135
j:  136
j:  137
j:  138
j:  139
j:  140
j:  141
j:  142
j:  143
j:  144
j:  145
j:  146
j:  147
j:  148
j:  149
j:  150
j:  151
j:  152
j:  153
j:  154
j:  155
j:  156
j:  157
j:  158
j:  159
j:  160
j:  161
j:  162
j:  163
j:  164
j:  165
j:  166
j:  167
j:  168
j:  169
j:  170
j:  171
j:  172
j:  173
j:  174
j:  175
j:  176
j:  177
j:  178
j:  179
j:  180
j:  181
j:  182
j:  183
j:  184
j:  185
j:  186
j:  187
j:  188
j:  189
j:  190
j:  191
j:  192
j:  193
j:  194
j:  195
j:  196
j:  197
j:  198
j:  199
j:  200

-->batch:200 loss_var:189.72, loss_nino:35.24, score:-32.410
j:  201
j:  202
j:  203
j:  204
j:  205
j:  206
j:  207
j:  208
j:  209
j:  210
j:  211
j:  212
j:  213
j:  214
j:  215
j:  216
j:  217
j:  218
j:  219
j:  220
j:  221
j:  222
j:  223
j:  224
j:  225
j:  226
j:  227
j:  228
j:  229
j:  230
j:  231
j:  232
j:  233
j:  234
j:  235
j:  236
j:  237
j:  238
j:  239
j:  240
j:  241
j:  242
j:  243
j:  244
j:  245
j:  246
j:  247
j:  248
j:  249
j:  250
j:  251
j:  252
j:  253
j:  254
j:  255
j:  256
j:  257
j:  258
j:  259
j:  260
j:  261
j:  262
j:  263
j:  264
j:  265
j:  266
j:  267
j:  268
j:  269
j:  270
j:  271
j:  272
j:  273
j:  274
j:  275
j:  276
j:  277
j:  278
j:  279
j:  280
j:  281
j:  282
j:  283
j:  284
j:  285
j:  286
j:  287
j:  288
j:  289
j:  290
j:  291
j:  292
j:  293
j:  294
j:  295
j:  296
j:  297
j:  298
j:  299
j:  300

-->batch:300 loss_var:177.03, loss_nino:26.87, score:-8.484
j:  301
j:  302
j:  303
j:  304
j:  305
j:  306
j:  307
j:  308
j:  309
j:  310
j:  311
j:  312
j:  313
j:  314
j:  315
j:  316
j:  317
j:  318
j:  319
j:  320
j:  321
j:  322
j:  323
j:  324
j:  325
j:  326
j:  327
j:  328
j:  329
j:  330
j:  331
j:  332
j:  333
j:  334
j:  335
j:  336
j:  337
j:  338
j:  339
j:  340
j:  341
j:  342
j:  343
j:  344
j:  345
j:  346
j:  347
j:  348
j:  349
j:  350
j:  351
j:  352
j:  353
j:  354
j:  355
j:  356
j:  357
j:  358
j:  359
j:  360
j:  361
j:  362
j:  363
j:  364
j:  365
j:  366
j:  367
j:  368
j:  369
j:  370
j:  371
j:  372
j:  373
j:  374
j:  375
j:  376
j:  377
j:  378
j:  379
j:  380
j:  381
j:  382
j:  383
j:  384
j:  385
j:  386
j:  387
j:  388
j:  389
j:  390
j:  391
j:  392
j:  393
j:  394
j:  395
j:  396
j:  397
j:  398
j:  399
j:  400

-->batch:400 loss_var:155.15, loss_nino:20.58, score:28.129
j:  401
j:  402
j:  403
j:  404
j:  405
j:  406
j:  407
j:  408
j:  409
j:  410
j:  411
j:  412
j:  413
j:  414
j:  415
j:  416
j:  417
j:  418
j:  419
j:  420
j:  421
j:  422
j:  423
j:  424
j:  425
j:  426
j:  427
j:  428
j:  429
j:  430
j:  431
j:  432
j:  433
j:  434
j:  435
j:  436
j:  437
j:  438
j:  439
j:  440
j:  441
j:  442
j:  443
j:  444
j:  445
j:  446
j:  447
j:  448
j:  449
j:  450
j:  451
j:  452
j:  453
j:  454
j:  455
j:  456
j:  457
j:  458
j:  459
j:  460
j:  461
j:  462
j:  463
j:  464
j:  465
j:  466
j:  467
j:  468
j:  469
j:  470
j:  471
j:  472
j:  473
j:  474
j:  475
j:  476
j:  477
j:  478
j:  479
j:  480
j:  481
j:  482
j:  483
j:  484
j:  485
j:  486
j:  487
j:  488
j:  489
j:  490
j:  491
j:  492
j:  493
j:  494
j:  495
j:  496
j:  497
j:  498
j:  499
j:  500

-->batch:500 loss_var:166.20, loss_nino:25.20, score:-4.453
j:  501
j:  502
j:  503
j:  504
j:  505
j:  506
j:  507
j:  508
j:  509
j:  510
j:  511
j:  512
j:  513
j:  514
j:  515
j:  516
j:  517
j:  518
j:  519
j:  520
j:  521
j:  522
j:  523
j:  524
j:  525
j:  526
j:  527
j:  528
j:  529
j:  530
j:  531
j:  532
j:  533
j:  534
j:  535
j:  536
j:  537
j:  538
j:  539
j:  540
j:  541
j:  542
j:  543
j:  544
j:  545
j:  546
j:  547
j:  548
j:  549
j:  550
j:  551
j:  552
j:  553
j:  554
j:  555
j:  556
j:  557
j:  558
j:  559
j:  560
j:  561
j:  562
j:  563
j:  564
j:  565
j:  566
j:  567
j:  568
j:  569
j:  570
j:  571
j:  572
j:  573
j:  574
j:  575
j:  576
j:  577
j:  578
j:  579
j:  580
j:  581
j:  582
j:  583
j:  584
j:  585
j:  586
j:  587
j:  588
j:  589
j:  590
j:  591
j:  592
j:  593
j:  594
j:  595
j:  596
j:  597
j:  598
j:  599
j:  600

-->batch:600 loss_var:177.86, loss_nino:25.36, score:1.447
j:  601
j:  602
j:  603
j:  604
j:  605
j:  606
j:  607
j:  608
j:  609
j:  610
j:  611
j:  612
j:  613
j:  614
j:  615
j:  616
j:  617
j:  618
j:  619
j:  620
j:  621
j:  622
j:  623
j:  624
j:  625
j:  626
j:  627
j:  628
j:  629
j:  630
j:  631
j:  632
j:  633
j:  634
j:  635
j:  636
j:  637
j:  638
j:  639
j:  640
j:  641
j:  642
j:  643
j:  644
j:  645
j:  646
j:  647
j:  648
j:  649
j:  650
j:  651
j:  652
j:  653
j:  654
j:  655
j:  656
j:  657
j:  658
j:  659
j:  660
j:  661
j:  662
j:  663
j:  664
j:  665
j:  666
j:  667
j:  668
j:  669
j:  670
j:  671
j:  672
j:  673
j:  674
j:  675
j:  676
j:  677
j:  678
j:  679
j:  680
j:  681
j:  682
j:  683
j:  684
j:  685
j:  686
j:  687
j:  688
j:  689
j:  690
j:  691
j:  692
j:  693
j:  694
j:  695
j:  696
j:  697
j:  698
j:  699
j:  700

-->batch:700 loss_var:161.33, loss_nino:23.10, score:-7.285
j:  701
j:  702
j:  703
j:  704
j:  705
j:  706
j:  707
j:  708
j:  709
j:  710
j:  711
j:  712
j:  713
j:  714
j:  715
j:  716
j:  717
j:  718
j:  719
j:  720
j:  721
j:  722
j:  723
j:  724
j:  725
j:  726
j:  727
j:  728
j:  729
j:  730
j:  731
j:  732
j:  733
j:  734
j:  735
j:  736
j:  737
j:  738
j:  739
j:  740
j:  741
j:  742
j:  743
j:  744
j:  745
j:  746
j:  747
j:  748
j:  749
j:  750
j:  751
j:  752
j:  753
j:  754
j:  755
j:  756
j:  757
j:  758
j:  759
j:  760
j:  761
j:  762
j:  763
j:  764
j:  765
j:  766
j:  767
j:  768
j:  769
j:  770
j:  771
j:  772
j:  773
j:  774
j:  775
j:  776
j:  777
j:  778
j:  779
j:  780
j:  781
j:  782
j:  783
j:  784
j:  785
j:  786
j:  787
j:  788
j:  789
j:  790
j:  791
j:  792
j:  793
j:  794
j:  795
j:  796
j:  797
j:  798
j:  799
j:  800

-->batch:800 loss_var:182.08, loss_nino:28.47, score:-12.476
j:  801
j:  802
j:  803
j:  804
j:  805
j:  806
j:  807
j:  808
j:  809
j:  810
j:  811
j:  812
j:  813
j:  814
j:  815
j:  816
j:  817
j:  818
j:  819
j:  820
j:  821
j:  822
j:  823
j:  824
j:  825
j:  826
j:  827
j:  828
j:  829
j:  830
j:  831
j:  832
j:  833
j:  834
j:  835
j:  836
j:  837
j:  838
j:  839
j:  840
j:  841
j:  842
j:  843
j:  844
j:  845
j:  846
j:  847
j:  848
j:  849
j:  850
j:  851
j:  852
j:  853
j:  854
j:  855
j:  856
j:  857
j:  858
j:  859
j:  860
j:  861
j:  862
j:  863
j:  864
j:  865
j:  866
j:  867
j:  868
j:  869
j:  870
j:  871
j:  872
j:  873
j:  874
j:  875
j:  876
j:  877
j:  878
j:  879
j:  880
j:  881
j:  882
j:  883
j:  884
j:  885
j:  886
j:  887
j:  888
j:  889
j:  890
j:  891
j:  892
j:  893
j:  894
j:  895
j:  896
j:  897
j:  898
j:  899
j:  900

-->batch:900 loss_var:165.38, loss_nino:24.73, score:-9.571
j:  901
j:  902
j:  903
j:  904
j:  905
j:  906
j:  907
j:  908
j:  909
j:  910
j:  911
j:  912
j:  913
j:  914
j:  915
j:  916
j:  917
j:  918
j:  919
j:  920
j:  921
j:  922
j:  923
j:  924
j:  925
j:  926
j:  927
j:  928
j:  929
j:  930
j:  931
j:  932
j:  933
j:  934
j:  935
j:  936
j:  937
j:  938
j:  939
j:  940
j:  941
j:  942
j:  943
j:  944
j:  945
j:  946
j:  947
j:  948
j:  949
j:  950
j:  951
j:  952
j:  953
j:  954
j:  955
j:  956
j:  957
j:  958
j:  959
j:  960
j:  961
j:  962
j:  963
j:  964
j:  965
j:  966
j:  967
j:  968
j:  969
j:  970
j:  971
j:  972
j:  973
j:  974
j:  975
j:  976
j:  977
j:  978
j:  979
j:  980
j:  981
j:  982
j:  983
j:  984
j:  985
j:  986
j:  987
j:  988
j:  989
j:  990
j:  991
j:  992
j:  993
j:  994
j:  995
j:  996
j:  997
j:  998
j:  999
j:  1000

-->batch:1000 loss_var:164.48, loss_nino:23.14, score:-4.972
j:  1001
j:  1002
j:  1003
j:  1004
j:  1005
j:  1006
j:  1007
j:  1008
j:  1009
j:  1010
j:  1011
j:  1012
j:  1013
j:  1014
j:  1015
j:  1016
j:  1017
j:  1018
j:  1019
j:  1020
j:  1021
j:  1022
j:  1023
j:  1024
j:  1025
j:  1026
j:  1027
j:  1028
j:  1029
j:  1030
j:  1031
j:  1032
j:  1033
j:  1034
j:  1035
j:  1036
j:  1037
j:  1038
j:  1039
j:  1040
j:  1041
j:  1042
j:  1043
j:  1044
j:  1045
j:  1046
j:  1047
j:  1048
j:  1049
j:  1050
j:  1051
j:  1052
j:  1053
j:  1054
j:  1055
j:  1056
j:  1057
j:  1058
j:  1059
j:  1060
j:  1061
j:  1062
j:  1063
j:  1064
j:  1065
j:  1066
j:  1067
j:  1068
j:  1069
j:  1070
j:  1071
j:  1072
j:  1073
j:  1074
j:  1075
j:  1076
j:  1077
j:  1078
j:  1079
j:  1080
j:  1081
j:  1082
j:  1083
j:  1084
j:  1085
j:  1086
j:  1087
j:  1088
j:  1089
j:  1090
j:  1091
j:  1092
j:  1093
j:  1094
j:  1095
j:  1096
j:  1097
j:  1098
j:  1099
j:  1100

-->batch:1100 loss_var:159.14, loss_nino:25.02, score:7.360
j:  1101
j:  1102
j:  1103
j:  1104
j:  1105
j:  1106
j:  1107
j:  1108
j:  1109
j:  1110
j:  1111
j:  1112
j:  1113
j:  1114
j:  1115
j:  1116
j:  1117
j:  1118
j:  1119
j:  1120
j:  1121
j:  1122
j:  1123
j:  1124
j:  1125
j:  1126
j:  1127
j:  1128
j:  1129
j:  1130
j:  1131
j:  1132
j:  1133
j:  1134
j:  1135
j:  1136
j:  1137
j:  1138
j:  1139
j:  1140
j:  1141
j:  1142
j:  1143
j:  1144
j:  1145
j:  1146
j:  1147
j:  1148
j:  1149
j:  1150
j:  1151
j:  1152
j:  1153
j:  1154
j:  1155
j:  1156
j:  1157
j:  1158
j:  1159
j:  1160
j:  1161
j:  1162
j:  1163
j:  1164
j:  1165
j:  1166
j:  1167
j:  1168
j:  1169
j:  1170
j:  1171
j:  1172
j:  1173
j:  1174
j:  1175
j:  1176
j:  1177
j:  1178
j:  1179
j:  1180
j:  1181
j:  1182
j:  1183
j:  1184
j:  1185
j:  1186
j:  1187
j:  1188
j:  1189
j:  1190
j:  1191
j:  1192
j:  1193
j:  1194
j:  1195
j:  1196
j:  1197
j:  1198
j:  1199
j:  1200

-->batch:1200 loss_var:163.63, loss_nino:18.82, score:35.452
j:  1201
j:  1202
j:  1203
j:  1204
j:  1205
j:  1206
j:  1207
j:  1208
j:  1209
j:  1210
j:  1211
j:  1212
j:  1213
j:  1214
j:  1215
j:  1216
j:  1217
j:  1218
j:  1219
j:  1220
j:  1221
j:  1222
j:  1223
j:  1224
j:  1225
j:  1226
j:  1227
j:  1228
j:  1229
j:  1230
j:  1231
j:  1232
j:  1233
j:  1234
j:  1235
j:  1236
j:  1237
j:  1238
j:  1239
j:  1240
j:  1241
j:  1242
j:  1243
j:  1244
j:  1245
j:  1246
j:  1247
j:  1248
j:  1249
j:  1250
j:  1251
j:  1252
j:  1253
j:  1254
j:  1255
j:  1256
j:  1257
j:  1258
j:  1259
j:  1260
j:  1261
j:  1262
j:  1263
j:  1264
j:  1265
j:  1266
j:  1267
j:  1268
j:  1269
j:  1270
j:  1271
j:  1272
j:  1273
j:  1274
j:  1275
j:  1276
j:  1277
j:  1278
j:  1279
j:  1280
j:  1281
j:  1282
j:  1283
j:  1284
j:  1285
j:  1286
j:  1287
j:  1288
j:  1289
j:  1290
j:  1291
j:  1292
j:  1293
j:  1294
j:  1295
j:  1296
j:  1297
j:  1298
j:  1299
j:  1300

-->batch:1300 loss_var:155.07, loss_nino:21.19, score:-25.507
j:  1301
j:  1302
j:  1303
j:  1304
j:  1305
j:  1306
j:  1307
j:  1308
j:  1309
j:  1310
j:  1311
j:  1312
j:  1313
j:  1314
j:  1315
j:  1316
j:  1317
j:  1318
j:  1319
j:  1320
j:  1321
j:  1322
j:  1323
j:  1324
j:  1325
j:  1326
j:  1327
j:  1328
j:  1329
j:  1330
j:  1331
j:  1332
j:  1333
j:  1334
j:  1335
j:  1336
j:  1337
j:  1338
j:  1339
j:  1340
j:  1341
j:  1342
j:  1343
j:  1344
j:  1345
j:  1346
j:  1347
j:  1348
j:  1349
j:  1350
j:  1351
j:  1352
j:  1353
j:  1354
j:  1355
j:  1356
j:  1357
j:  1358
j:  1359
j:  1360
j:  1361
j:  1362
j:  1363
j:  1364
j:  1365
j:  1366
j:  1367
j:  1368
j:  1369
j:  1370
j:  1371
j:  1372
j:  1373
j:  1374
j:  1375
j:  1376
j:  1377
j:  1378
j:  1379
j:  1380
j:  1381
j:  1382
j:  1383
j:  1384
j:  1385
j:  1386
j:  1387
j:  1388
j:  1389
j:  1390
j:  1391
j:  1392
j:  1393
j:  1394
j:  1395
j:  1396
j:  1397
j:  1398
j:  1399
j:  1400

-->batch:1400 loss_var:166.06, loss_nino:26.93, score:-6.560
j:  1401
j:  1402
j:  1403
j:  1404
j:  1405
j:  1406
j:  1407
j:  1408
j:  1409
j:  1410
j:  1411
j:  1412
j:  1413
j:  1414
j:  1415
j:  1416
j:  1417
j:  1418
j:  1419
j:  1420
j:  1421
j:  1422
j:  1423
j:  1424
j:  1425
j:  1426
j:  1427
j:  1428
j:  1429
j:  1430
j:  1431
j:  1432
j:  1433
j:  1434
j:  1435
j:  1436
j:  1437
j:  1438
j:  1439
j:  1440
j:  1441
j:  1442
j:  1443
j:  1444
j:  1445
j:  1446
j:  1447
j:  1448
j:  1449
j:  1450
j:  1451
j:  1452
j:  1453
j:  1454
j:  1455
j:  1456
j:  1457
j:  1458
j:  1459
j:  1460
j:  1461
j:  1462
j:  1463
j:  1464
j:  1465
j:  1466
j:  1467
j:  1468
j:  1469
j:  1470
j:  1471
j:  1472
j:  1473
j:  1474
j:  1475
j:  1476
j:  1477
j:  1478
j:  1479
j:  1480
j:  1481
j:  1482
j:  1483
j:  1484
j:  1485
j:  1486
j:  1487
j:  1488
j:  1489
j:  1490
j:  1491
j:  1492
j:  1493
j:  1494
j:  1495
j:  1496
j:  1497
j:  1498
j:  1499
j:  1500

-->batch:1500 loss_var:145.22, loss_nino:22.28, score:22.445
j:  1501
j:  1502
j:  1503
j:  1504
j:  1505
j:  1506
j:  1507
j:  1508
j:  1509
j:  1510
j:  1511
j:  1512
j:  1513
j:  1514
j:  1515
j:  1516
j:  1517
j:  1518
j:  1519
j:  1520
j:  1521
j:  1522
j:  1523
j:  1524
j:  1525
j:  1526
j:  1527
j:  1528
j:  1529
j:  1530
j:  1531
j:  1532
j:  1533
j:  1534
j:  1535
j:  1536
j:  1537
j:  1538
j:  1539
j:  1540
j:  1541
j:  1542
j:  1543
j:  1544
j:  1545
j:  1546
j:  1547
j:  1548
j:  1549
j:  1550
j:  1551
j:  1552
j:  1553
j:  1554
j:  1555
j:  1556
j:  1557
j:  1558
j:  1559
j:  1560
j:  1561
j:  1562
j:  1563
j:  1564
j:  1565
j:  1566
j:  1567
j:  1568
j:  1569
j:  1570
j:  1571
j:  1572
j:  1573
j:  1574
j:  1575
j:  1576
j:  1577
j:  1578
j:  1579
j:  1580
j:  1581
j:  1582
j:  1583
j:  1584
j:  1585
j:  1586
j:  1587
j:  1588
j:  1589
j:  1590
j:  1591
j:  1592
j:  1593
j:  1594
j:  1595
j:  1596
j:  1597
j:  1598
j:  1599
j:  1600

-->batch:1600 loss_var:164.37, loss_nino:22.36, score:-14.021
j:  1601
j:  1602
j:  1603
j:  1604
j:  1605
j:  1606
j:  1607
j:  1608
j:  1609
j:  1610
j:  1611
j:  1612
j:  1613
j:  1614
j:  1615
j:  1616
j:  1617
j:  1618
j:  1619
j:  1620
j:  1621
j:  1622
j:  1623
j:  1624

-->epoch1 end... 
loss_var:176.686 
loss_nino:22.447 
loss_com:0.477 
score: -1.515

sc is increase from -5.825 to -1.515   
saving model...

================================================================================

-->epoch: 2
j:  0

-->batch:0 loss_var:154.01, loss_nino:23.73, score:20.668
j:  1
j:  2
j:  3
j:  4
j:  5
j:  6
j:  7
j:  8
j:  9
j:  10
j:  11
j:  12
j:  13
j:  14
j:  15
j:  16
j:  17
j:  18
j:  19
j:  20
j:  21
j:  22
j:  23
j:  24
j:  25
j:  26
j:  27
j:  28
j:  29
j:  30
j:  31
j:  32
j:  33
j:  34
j:  35
j:  36
j:  37
j:  38
j:  39
j:  40
j:  41
j:  42
j:  43
j:  44
j:  45
j:  46
j:  47
j:  48
j:  49
j:  50
j:  51
j:  52
j:  53
j:  54
j:  55
j:  56
j:  57
j:  58
j:  59
j:  60
j:  61
j:  62
j:  63
j:  64
j:  65
j:  66
j:  67
j:  68
j:  69
j:  70
j:  71
j:  72
j:  73
j:  74
j:  75
j:  76
j:  77
j:  78
j:  79
j:  80
j:  81
j:  82
j:  83
j:  84
j:  85
j:  86
j:  87
j:  88
j:  89
j:  90
j:  91
j:  92
j:  93
j:  94
j:  95
j:  96
j:  97
j:  98
j:  99
j:  100

-->batch:100 loss_var:163.56, loss_nino:21.40, score:-5.665
j:  101
j:  102
j:  103
j:  104
j:  105
j:  106
j:  107
j:  108
j:  109
j:  110
j:  111
j:  112
j:  113
j:  114
j:  115
j:  116
j:  117
j:  118
j:  119
j:  120
j:  121
j:  122
j:  123
j:  124
j:  125
j:  126
j:  127
j:  128
j:  129
j:  130
j:  131
j:  132
j:  133
j:  134
j:  135
j:  136
j:  137
j:  138
j:  139
j:  140
j:  141
j:  142
j:  143
j:  144
j:  145
j:  146
j:  147
j:  148
j:  149
j:  150
j:  151
j:  152
j:  153
j:  154
j:  155
j:  156
j:  157
j:  158
j:  159
j:  160
j:  161
j:  162
j:  163
j:  164
j:  165
j:  166
j:  167
j:  168
j:  169
j:  170
j:  171
j:  172
j:  173
j:  174
j:  175
j:  176
j:  177
j:  178
j:  179
j:  180
j:  181
j:  182
j:  183
j:  184
j:  185
j:  186
j:  187
j:  188
j:  189
j:  190
j:  191
j:  192
j:  193
j:  194
j:  195
j:  196
j:  197
j:  198
j:  199
j:  200

-->batch:200 loss_var:153.00, loss_nino:22.63, score:1.195
j:  201
j:  202
j:  203
j:  204
j:  205
j:  206
j:  207
j:  208
j:  209
j:  210
j:  211
j:  212
j:  213
j:  214
j:  215
j:  216
j:  217
j:  218
j:  219
j:  220
j:  221
j:  222
j:  223
j:  224
j:  225
j:  226
j:  227
j:  228
j:  229
j:  230
j:  231
j:  232
j:  233
j:  234
j:  235
j:  236
j:  237
j:  238
j:  239
j:  240
j:  241
j:  242
j:  243
j:  244
j:  245
j:  246
j:  247
j:  248
j:  249
j:  250
j:  251
j:  252
j:  253
j:  254
j:  255
j:  256
j:  257
j:  258
j:  259
j:  260
j:  261
j:  262
j:  263
j:  264
j:  265
j:  266
j:  267
j:  268
j:  269
j:  270
j:  271
j:  272
j:  273
j:  274
j:  275
j:  276
j:  277
j:  278
j:  279
j:  280
j:  281
j:  282
j:  283
j:  284
j:  285
j:  286
j:  287
j:  288
j:  289
j:  290
j:  291
j:  292
j:  293
j:  294
j:  295
j:  296
j:  297
j:  298
j:  299
j:  300

-->batch:300 loss_var:145.33, loss_nino:18.03, score:-1.430
j:  301
j:  302
j:  303
j:  304
j:  305
j:  306
j:  307
j:  308
j:  309
j:  310
j:  311
j:  312
j:  313
j:  314
j:  315
j:  316
j:  317
j:  318
j:  319
j:  320
j:  321
j:  322
j:  323
j:  324
j:  325
j:  326
j:  327
j:  328
j:  329
j:  330
j:  331
j:  332
j:  333
j:  334
j:  335
j:  336
j:  337
j:  338
j:  339
j:  340
j:  341
j:  342
j:  343
j:  344
j:  345
j:  346
j:  347
j:  348
j:  349
j:  350
j:  351
j:  352
j:  353
j:  354
j:  355
j:  356
j:  357
j:  358
j:  359
j:  360
j:  361
j:  362
j:  363
j:  364
j:  365
j:  366
j:  367
j:  368
j:  369
j:  370
j:  371
j:  372
j:  373
j:  374
j:  375
j:  376
j:  377
j:  378
j:  379
j:  380
j:  381
j:  382
j:  383
j:  384
j:  385
j:  386
j:  387
j:  388
j:  389
j:  390
j:  391
j:  392
j:  393
j:  394
j:  395
j:  396
j:  397
j:  398
j:  399
j:  400

-->batch:400 loss_var:181.18, loss_nino:29.73, score:17.721
j:  401
j:  402
j:  403
j:  404
j:  405
j:  406
j:  407
j:  408
j:  409
j:  410
j:  411
j:  412
j:  413
j:  414
j:  415
j:  416
j:  417
j:  418
j:  419
j:  420
j:  421
j:  422
j:  423
j:  424
j:  425
j:  426
j:  427
j:  428
j:  429
j:  430
j:  431
j:  432
j:  433
j:  434
j:  435
j:  436
j:  437
j:  438
j:  439
j:  440
j:  441
j:  442
j:  443
j:  444
j:  445
j:  446
j:  447
j:  448
j:  449
j:  450
j:  451
j:  452
j:  453
j:  454
j:  455
j:  456
j:  457
j:  458
j:  459
j:  460
j:  461
j:  462
j:  463
j:  464
j:  465
j:  466
j:  467
j:  468
j:  469
j:  470
j:  471
j:  472
j:  473
j:  474
j:  475
j:  476
j:  477
j:  478
j:  479
j:  480
j:  481
j:  482
j:  483
j:  484
j:  485
j:  486
j:  487
j:  488
j:  489
j:  490
j:  491
j:  492
j:  493
j:  494
j:  495
j:  496
j:  497
j:  498
j:  499
j:  500

-->batch:500 loss_var:165.23, loss_nino:27.14, score:-15.721
j:  501
j:  502
j:  503
j:  504
j:  505
j:  506
j:  507
j:  508
j:  509
j:  510
j:  511
j:  512
j:  513
j:  514
j:  515
j:  516
j:  517
j:  518
j:  519
j:  520
j:  521
j:  522
j:  523
j:  524
j:  525
j:  526
j:  527
j:  528
j:  529
j:  530
j:  531
j:  532
j:  533
j:  534
j:  535
j:  536
j:  537
j:  538
j:  539
j:  540
j:  541
j:  542
j:  543
j:  544
j:  545
j:  546
j:  547
j:  548
j:  549
j:  550
j:  551
j:  552
j:  553
j:  554
j:  555
j:  556
j:  557
j:  558
j:  559
j:  560
j:  561
j:  562
j:  563
j:  564
j:  565
j:  566
j:  567
j:  568
j:  569
j:  570
j:  571
j:  572
j:  573
j:  574
j:  575
j:  576
j:  577
j:  578
j:  579
j:  580
j:  581
j:  582
j:  583
j:  584
j:  585
j:  586
j:  587
j:  588
j:  589
j:  590
j:  591
j:  592
j:  593
j:  594
j:  595
j:  596
j:  597
j:  598
j:  599
j:  600

-->batch:600 loss_var:152.76, loss_nino:22.81, score:15.167
j:  601
j:  602
j:  603
j:  604
j:  605
j:  606
j:  607
j:  608
j:  609
j:  610
j:  611
j:  612
j:  613
j:  614
j:  615
j:  616
j:  617
j:  618
j:  619
j:  620
j:  621
j:  622
j:  623
j:  624
j:  625
j:  626
j:  627
j:  628
j:  629
j:  630
j:  631
j:  632
j:  633
j:  634
j:  635
j:  636
j:  637
j:  638
j:  639
j:  640
j:  641
j:  642
j:  643
j:  644
j:  645
j:  646
j:  647
j:  648
j:  649
j:  650
j:  651
j:  652
j:  653
j:  654
j:  655
j:  656
j:  657
j:  658
j:  659
j:  660
j:  661
j:  662
j:  663
j:  664
j:  665
j:  666
j:  667
j:  668
j:  669
j:  670
j:  671
j:  672
j:  673
j:  674
j:  675
j:  676
j:  677
j:  678
j:  679
j:  680
j:  681
j:  682
j:  683
j:  684
j:  685
j:  686
j:  687
j:  688
j:  689
j:  690
j:  691
j:  692
j:  693
j:  694
j:  695
j:  696
j:  697
j:  698
j:  699
j:  700

-->batch:700 loss_var:172.72, loss_nino:28.34, score:-0.367
j:  701
j:  702
j:  703
j:  704
j:  705
j:  706
j:  707
j:  708
j:  709
j:  710
j:  711
j:  712
j:  713
j:  714
j:  715
j:  716
j:  717
j:  718
j:  719
j:  720
j:  721
j:  722
j:  723
j:  724
j:  725
j:  726
j:  727
j:  728
j:  729
j:  730
j:  731
j:  732
j:  733
j:  734
j:  735
j:  736
j:  737
j:  738
j:  739
j:  740
j:  741
j:  742
j:  743
j:  744
j:  745
j:  746
j:  747
j:  748
j:  749
j:  750
j:  751
j:  752
j:  753
j:  754
j:  755
j:  756
j:  757
j:  758
j:  759
j:  760
j:  761
j:  762
j:  763
j:  764
j:  765
j:  766
j:  767
j:  768
j:  769
j:  770
j:  771
j:  772
j:  773
j:  774
j:  775
j:  776
j:  777
j:  778
j:  779
j:  780
j:  781
j:  782
j:  783
j:  784
j:  785
j:  786
j:  787
j:  788
j:  789
j:  790
j:  791
j:  792
j:  793
j:  794
j:  795
j:  796
j:  797
j:  798
j:  799
j:  800

-->batch:800 loss_var:163.03, loss_nino:24.26, score:27.311
j:  801
j:  802
j:  803
j:  804
j:  805
j:  806
j:  807
j:  808
j:  809
j:  810
j:  811
j:  812
j:  813
j:  814
j:  815
j:  816
j:  817
j:  818
j:  819
j:  820
j:  821
j:  822
j:  823
j:  824
j:  825
j:  826
j:  827
j:  828
j:  829
j:  830
j:  831
j:  832
j:  833
j:  834
j:  835
j:  836
j:  837
j:  838
j:  839
j:  840
j:  841
j:  842
j:  843
j:  844
j:  845
j:  846
j:  847
j:  848
j:  849
j:  850
j:  851
j:  852
j:  853
j:  854
j:  855
j:  856
j:  857
j:  858
j:  859
j:  860
j:  861
j:  862
j:  863
j:  864
j:  865
j:  866
j:  867
j:  868
j:  869
j:  870
j:  871
j:  872
j:  873
j:  874
j:  875
j:  876
j:  877
j:  878
j:  879
j:  880
j:  881
j:  882
j:  883
j:  884
j:  885
j:  886
j:  887
j:  888
j:  889
j:  890
j:  891
j:  892
j:  893
j:  894
j:  895
j:  896
j:  897
j:  898
j:  899
j:  900

-->batch:900 loss_var:166.45, loss_nino:25.46, score:2.558
j:  901
j:  902
j:  903
j:  904
j:  905
j:  906
j:  907
j:  908
j:  909
j:  910
j:  911
j:  912
j:  913
j:  914
j:  915
j:  916
j:  917
j:  918
j:  919
j:  920
j:  921
j:  922
j:  923
j:  924
j:  925
j:  926
j:  927
j:  928
j:  929
j:  930
j:  931
j:  932
j:  933
j:  934
j:  935
j:  936
j:  937
j:  938
j:  939
j:  940
j:  941
j:  942
j:  943
j:  944
j:  945
j:  946
j:  947
j:  948
j:  949
j:  950
j:  951
j:  952
j:  953
j:  954
j:  955
j:  956
j:  957
j:  958
j:  959
j:  960
j:  961
j:  962
j:  963
j:  964
j:  965
j:  966
j:  967
j:  968
j:  969
j:  970
j:  971
j:  972
j:  973
j:  974
j:  975
j:  976
j:  977
j:  978
j:  979
j:  980
j:  981
j:  982
j:  983
j:  984
j:  985
j:  986
j:  987
j:  988
j:  989
j:  990
j:  991
j:  992
j:  993
j:  994
j:  995
j:  996
j:  997
j:  998
j:  999
j:  1000

-->batch:1000 loss_var:156.21, loss_nino:21.02, score:28.370
j:  1001
j:  1002
j:  1003
j:  1004
j:  1005
j:  1006
j:  1007
j:  1008
j:  1009
j:  1010
j:  1011
j:  1012
j:  1013
j:  1014
j:  1015
j:  1016
j:  1017
j:  1018
j:  1019
j:  1020
j:  1021
j:  1022
j:  1023
j:  1024
j:  1025
j:  1026
j:  1027
j:  1028
j:  1029
j:  1030
j:  1031
j:  1032
j:  1033
j:  1034
j:  1035
j:  1036
j:  1037
j:  1038
j:  1039
j:  1040
j:  1041
j:  1042
j:  1043
j:  1044
j:  1045
j:  1046
j:  1047
j:  1048
j:  1049
j:  1050
j:  1051
j:  1052
j:  1053
j:  1054
j:  1055
j:  1056
j:  1057
j:  1058
j:  1059
j:  1060
j:  1061
j:  1062
j:  1063
j:  1064
j:  1065
j:  1066
j:  1067
j:  1068
j:  1069
j:  1070
j:  1071
j:  1072
j:  1073
j:  1074
j:  1075
j:  1076
j:  1077
j:  1078
j:  1079
j:  1080
j:  1081
j:  1082
j:  1083
j:  1084
j:  1085
j:  1086
j:  1087
j:  1088
j:  1089
j:  1090
j:  1091
j:  1092
j:  1093
j:  1094
j:  1095
j:  1096
j:  1097
j:  1098
j:  1099
j:  1100

-->batch:1100 loss_var:155.91, loss_nino:19.37, score:12.584
j:  1101
j:  1102
j:  1103
j:  1104
j:  1105
j:  1106
j:  1107
j:  1108
j:  1109
j:  1110
j:  1111
j:  1112
j:  1113
j:  1114
j:  1115
j:  1116
j:  1117
j:  1118
j:  1119
j:  1120
j:  1121
j:  1122
j:  1123
j:  1124
j:  1125
j:  1126
j:  1127
j:  1128
j:  1129
j:  1130
j:  1131
j:  1132
j:  1133
j:  1134
j:  1135
j:  1136
j:  1137
j:  1138
j:  1139
j:  1140
j:  1141
j:  1142
j:  1143
j:  1144
j:  1145
j:  1146
j:  1147
j:  1148
j:  1149
j:  1150
j:  1151
j:  1152
j:  1153
j:  1154
j:  1155
j:  1156
j:  1157
j:  1158
j:  1159
j:  1160
j:  1161
j:  1162
j:  1163
j:  1164
j:  1165
j:  1166
j:  1167
j:  1168
j:  1169
j:  1170
j:  1171
j:  1172
j:  1173
j:  1174
j:  1175
j:  1176
j:  1177
j:  1178
j:  1179
j:  1180
j:  1181
j:  1182
j:  1183
j:  1184
j:  1185
j:  1186
j:  1187
j:  1188
j:  1189
j:  1190
j:  1191
j:  1192
j:  1193
j:  1194
j:  1195
j:  1196
j:  1197
j:  1198
j:  1199
j:  1200

-->batch:1200 loss_var:178.84, loss_nino:34.33, score:5.197
j:  1201
j:  1202
j:  1203
j:  1204
j:  1205
j:  1206
j:  1207
j:  1208
j:  1209
j:  1210
j:  1211
j:  1212
j:  1213
j:  1214
j:  1215
j:  1216
j:  1217
j:  1218
j:  1219
j:  1220
j:  1221
j:  1222
j:  1223
j:  1224
j:  1225
j:  1226
j:  1227
j:  1228
j:  1229
j:  1230
j:  1231
j:  1232
j:  1233
j:  1234
j:  1235
j:  1236
j:  1237
j:  1238
j:  1239
j:  1240
j:  1241
j:  1242
j:  1243
j:  1244
j:  1245
j:  1246
j:  1247
j:  1248
j:  1249
j:  1250
j:  1251
j:  1252
j:  1253
j:  1254
j:  1255
j:  1256
j:  1257
j:  1258
j:  1259
j:  1260
j:  1261
j:  1262
j:  1263
j:  1264
j:  1265
j:  1266
j:  1267
j:  1268
j:  1269
j:  1270
j:  1271
j:  1272
j:  1273
j:  1274
j:  1275
j:  1276
j:  1277
j:  1278
j:  1279
j:  1280
j:  1281
j:  1282
j:  1283
j:  1284
j:  1285
j:  1286
j:  1287
j:  1288
j:  1289
j:  1290
j:  1291
j:  1292
j:  1293
j:  1294
j:  1295
j:  1296
j:  1297
j:  1298
j:  1299
j:  1300

-->batch:1300 loss_var:167.76, loss_nino:24.50, score:-3.184
j:  1301
j:  1302
j:  1303
j:  1304
j:  1305
j:  1306
j:  1307
j:  1308
j:  1309
j:  1310
j:  1311
j:  1312
j:  1313
j:  1314
j:  1315
j:  1316
j:  1317
j:  1318
j:  1319
j:  1320
j:  1321
j:  1322
j:  1323
j:  1324
j:  1325
j:  1326
j:  1327
j:  1328
j:  1329
j:  1330
j:  1331
j:  1332
j:  1333
j:  1334
j:  1335
j:  1336
j:  1337
j:  1338
j:  1339
j:  1340
j:  1341
j:  1342
j:  1343
j:  1344
j:  1345
j:  1346
j:  1347
j:  1348
j:  1349
j:  1350
j:  1351
j:  1352
j:  1353
j:  1354
j:  1355
j:  1356
j:  1357
j:  1358
j:  1359
j:  1360
j:  1361
j:  1362
j:  1363
j:  1364
j:  1365
j:  1366
j:  1367
j:  1368
j:  1369
j:  1370
j:  1371
j:  1372
j:  1373
j:  1374
j:  1375
j:  1376
j:  1377
j:  1378
j:  1379
j:  1380
j:  1381
j:  1382
j:  1383
j:  1384
j:  1385
j:  1386
j:  1387
j:  1388
j:  1389
j:  1390
j:  1391
j:  1392
j:  1393
j:  1394
j:  1395
j:  1396
j:  1397
j:  1398
j:  1399
j:  1400

-->batch:1400 loss_var:169.56, loss_nino:22.90, score:17.392
j:  1401
j:  1402
j:  1403
j:  1404
j:  1405
j:  1406
j:  1407
j:  1408
j:  1409
j:  1410
j:  1411
j:  1412
j:  1413
j:  1414
j:  1415
j:  1416
j:  1417
j:  1418
j:  1419
j:  1420
j:  1421
j:  1422
j:  1423
j:  1424
j:  1425
j:  1426
j:  1427
j:  1428
j:  1429
j:  1430
j:  1431
j:  1432
j:  1433
j:  1434
j:  1435
j:  1436
j:  1437
j:  1438
j:  1439
j:  1440
j:  1441
j:  1442
j:  1443
j:  1444
j:  1445
j:  1446
j:  1447
j:  1448
j:  1449
j:  1450
j:  1451
j:  1452
j:  1453
j:  1454
j:  1455
j:  1456
j:  1457
j:  1458
j:  1459
j:  1460
j:  1461
j:  1462
j:  1463
j:  1464
j:  1465
j:  1466
j:  1467
j:  1468
j:  1469
j:  1470
j:  1471
j:  1472
j:  1473
j:  1474
j:  1475
j:  1476
j:  1477
j:  1478
j:  1479
j:  1480
j:  1481
j:  1482
j:  1483
j:  1484
j:  1485
j:  1486
j:  1487
j:  1488
j:  1489
j:  1490
j:  1491
j:  1492
j:  1493
j:  1494
j:  1495
j:  1496
j:  1497
j:  1498
j:  1499
j:  1500

-->batch:1500 loss_var:155.69, loss_nino:20.21, score:39.539
j:  1501
j:  1502
j:  1503
j:  1504
j:  1505
j:  1506
j:  1507
j:  1508
j:  1509
j:  1510
j:  1511
j:  1512
j:  1513
j:  1514
j:  1515
j:  1516
j:  1517
j:  1518
j:  1519
j:  1520
j:  1521
j:  1522
j:  1523
j:  1524
j:  1525
j:  1526
j:  1527
j:  1528
j:  1529
j:  1530
j:  1531
j:  1532
j:  1533
j:  1534
j:  1535
j:  1536
j:  1537
j:  1538
j:  1539
j:  1540
j:  1541
j:  1542
j:  1543
j:  1544
j:  1545
j:  1546
j:  1547
j:  1548
j:  1549
j:  1550
j:  1551
j:  1552
j:  1553
j:  1554
j:  1555
j:  1556
j:  1557
j:  1558
j:  1559
j:  1560
j:  1561
j:  1562
j:  1563
j:  1564
j:  1565
j:  1566
j:  1567
j:  1568
j:  1569
j:  1570
j:  1571
j:  1572
j:  1573
j:  1574
j:  1575
j:  1576
j:  1577
j:  1578
j:  1579
j:  1580
j:  1581
j:  1582
j:  1583
j:  1584
j:  1585
j:  1586
j:  1587
j:  1588
j:  1589
j:  1590
j:  1591
j:  1592
j:  1593
j:  1594
j:  1595
j:  1596
j:  1597
j:  1598
j:  1599
j:  1600

-->batch:1600 loss_var:156.74, loss_nino:19.07, score:18.744
j:  1601
j:  1602
j:  1603
j:  1604
j:  1605
j:  1606
j:  1607
j:  1608
j:  1609
j:  1610
j:  1611
j:  1612
j:  1613
j:  1614
j:  1615
j:  1616
j:  1617
j:  1618
j:  1619
j:  1620
j:  1621
j:  1622
j:  1623
j:  1624

-->epoch2 end... 
loss_var:172.426 
loss_nino:20.980 
loss_com:0.460 
score: -3.333

sc is not increase for 1 epoch
================================================================================

-->epoch: 3
j:  0

-->batch:0 loss_var:162.33, loss_nino:22.09, score:21.011
j:  1
j:  2
j:  3
j:  4
j:  5
j:  6
j:  7
j:  8
j:  9
j:  10
j:  11
j:  12
j:  13
j:  14
j:  15
j:  16
j:  17
j:  18
j:  19
j:  20
j:  21
j:  22
j:  23
j:  24
j:  25
j:  26
j:  27
j:  28
j:  29
j:  30
j:  31
j:  32
j:  33
j:  34
j:  35
j:  36
j:  37
j:  38
j:  39
j:  40
j:  41
j:  42
j:  43
j:  44
j:  45
j:  46
j:  47
j:  48
j:  49
j:  50
j:  51
j:  52
j:  53
j:  54
j:  55
j:  56
j:  57
j:  58
j:  59
j:  60
j:  61
j:  62
j:  63
j:  64
j:  65
j:  66
j:  67
j:  68
j:  69
j:  70
j:  71
j:  72
j:  73
j:  74
j:  75
j:  76
j:  77
j:  78
j:  79
j:  80
j:  81
j:  82
j:  83
j:  84
j:  85
j:  86
j:  87
j:  88
j:  89
j:  90
j:  91
j:  92
j:  93
j:  94
j:  95
j:  96
j:  97
j:  98
j:  99
j:  100

-->batch:100 loss_var:169.57, loss_nino:25.61, score:15.451
j:  101
j:  102
j:  103
j:  104
j:  105
j:  106
j:  107
j:  108
j:  109
j:  110
j:  111
j:  112
j:  113
j:  114
j:  115
j:  116
j:  117
j:  118
j:  119
j:  120
j:  121
j:  122
j:  123
j:  124
j:  125
j:  126
j:  127
j:  128
j:  129
j:  130
j:  131
j:  132
j:  133
j:  134
j:  135
j:  136
j:  137
j:  138
j:  139
j:  140
j:  141
j:  142
j:  143
j:  144
j:  145
j:  146
j:  147
j:  148
j:  149
j:  150
j:  151
j:  152
j:  153
j:  154
j:  155
j:  156
j:  157
j:  158
j:  159
j:  160
j:  161
j:  162
j:  163
j:  164
j:  165
j:  166
j:  167
j:  168
j:  169
j:  170
j:  171
j:  172
j:  173
j:  174
j:  175
j:  176
j:  177
j:  178
j:  179
j:  180
j:  181
j:  182
j:  183
j:  184
j:  185
j:  186
j:  187
j:  188
j:  189
j:  190
j:  191
j:  192
j:  193
j:  194
j:  195
j:  196
j:  197
j:  198
j:  199
-->Evaluation... 
loss_var:172.233 
loss_nino:20.174 
loss_com:0.460 
score:0.870

saving model...
j:  200

-->batch:200 loss_var:157.82, loss_nino:21.81, score:24.824
j:  201
j:  202
j:  203
j:  204
j:  205
j:  206
j:  207
j:  208
j:  209
j:  210
j:  211
j:  212
j:  213
j:  214
j:  215
j:  216
j:  217
j:  218
j:  219
j:  220
j:  221
j:  222
j:  223
j:  224
j:  225
j:  226
j:  227
j:  228
j:  229
j:  230
j:  231
j:  232
j:  233
j:  234
j:  235
j:  236
j:  237
j:  238
j:  239
j:  240
j:  241
j:  242
j:  243
j:  244
j:  245
j:  246
j:  247
j:  248
j:  249
j:  250
j:  251
j:  252
j:  253
j:  254
j:  255
j:  256
j:  257
j:  258
j:  259
j:  260
j:  261
j:  262
j:  263
j:  264
j:  265
j:  266
j:  267
j:  268
j:  269
j:  270
j:  271
j:  272
j:  273
j:  274
j:  275
j:  276
j:  277
j:  278
j:  279
j:  280
j:  281
j:  282
j:  283
j:  284
j:  285
j:  286
j:  287
j:  288
j:  289
j:  290
j:  291
j:  292
j:  293
j:  294
j:  295
j:  296
j:  297
j:  298
j:  299
j:  300

-->batch:300 loss_var:160.38, loss_nino:23.34, score:-7.425
j:  301
j:  302
j:  303
j:  304
j:  305
j:  306
j:  307
j:  308
j:  309
j:  310
j:  311
j:  312
j:  313
j:  314
j:  315
j:  316
j:  317
j:  318
j:  319
j:  320
j:  321
j:  322
j:  323
j:  324
j:  325
j:  326
j:  327
j:  328
j:  329
j:  330
j:  331
j:  332
j:  333
j:  334
j:  335
j:  336
j:  337
j:  338
j:  339
j:  340
j:  341
j:  342
j:  343
j:  344
j:  345
j:  346
j:  347
j:  348
j:  349
j:  350
j:  351
j:  352
j:  353
j:  354
j:  355
j:  356
j:  357
j:  358
j:  359
j:  360
j:  361
j:  362
j:  363
j:  364
j:  365
j:  366
j:  367
j:  368
j:  369
j:  370
j:  371
j:  372
j:  373
j:  374
j:  375
j:  376
j:  377
j:  378
j:  379
j:  380
j:  381
j:  382
j:  383
j:  384
j:  385
j:  386
j:  387
j:  388
j:  389
j:  390
j:  391
j:  392
j:  393
j:  394
j:  395
j:  396
j:  397
j:  398
j:  399
-->Evaluation... 
loss_var:171.940 
loss_nino:20.246 
loss_com:0.459 
score:-1.748
j:  400

-->batch:400 loss_var:158.13, loss_nino:22.84, score:-7.792
j:  401
j:  402
j:  403
j:  404
j:  405
j:  406
j:  407
j:  408
j:  409
j:  410
j:  411
j:  412
j:  413
j:  414
j:  415
j:  416
j:  417
j:  418
j:  419
j:  420
j:  421
j:  422
j:  423
j:  424
j:  425
j:  426
j:  427
j:  428
j:  429
j:  430
j:  431
j:  432
j:  433
j:  434
j:  435
j:  436
j:  437
j:  438
j:  439
j:  440
j:  441
j:  442
j:  443
j:  444
j:  445
j:  446
j:  447
j:  448
j:  449
j:  450
j:  451
j:  452
j:  453
j:  454
j:  455
j:  456
j:  457
j:  458
j:  459
j:  460
j:  461
j:  462
j:  463
j:  464
j:  465
j:  466
j:  467
j:  468
j:  469
j:  470
j:  471
j:  472
j:  473
j:  474
j:  475
j:  476
j:  477
j:  478
j:  479
j:  480
j:  481
j:  482
j:  483
j:  484
j:  485
j:  486
j:  487
j:  488
j:  489
j:  490
j:  491
j:  492
j:  493
j:  494
j:  495
j:  496
j:  497
j:  498
j:  499
j:  500

-->batch:500 loss_var:160.21, loss_nino:24.46, score:8.166
j:  501
j:  502
j:  503
j:  504
j:  505
j:  506
j:  507
j:  508
j:  509
j:  510
j:  511
j:  512
j:  513
j:  514
j:  515
j:  516
j:  517
j:  518
j:  519
j:  520
j:  521
j:  522
j:  523
j:  524
j:  525
j:  526
j:  527
j:  528
j:  529
j:  530
j:  531
j:  532
j:  533
j:  534
j:  535
j:  536
j:  537
j:  538
j:  539
j:  540
j:  541
j:  542
j:  543
j:  544
j:  545
j:  546
j:  547
j:  548
j:  549
j:  550
j:  551
j:  552
j:  553
j:  554
j:  555
j:  556
j:  557
j:  558
j:  559
j:  560
j:  561
j:  562
j:  563
j:  564
j:  565
j:  566
j:  567
j:  568
j:  569
j:  570
j:  571
j:  572
j:  573
j:  574
j:  575
j:  576
j:  577
j:  578
j:  579
j:  580
j:  581
j:  582
j:  583
j:  584
j:  585
j:  586
j:  587
j:  588
j:  589
j:  590
j:  591
j:  592
j:  593
j:  594
j:  595
j:  596
j:  597
j:  598
j:  599
-->Evaluation... 
loss_var:174.012 
loss_nino:20.854 
loss_com:0.462 
score:-6.316
j:  600

-->batch:600 loss_var:170.09, loss_nino:24.98, score:15.656
j:  601
j:  602
j:  603
j:  604
j:  605
j:  606
j:  607
j:  608
j:  609
j:  610
j:  611
j:  612
j:  613
j:  614
j:  615
j:  616
j:  617
j:  618
j:  619
j:  620
j:  621
j:  622
j:  623
j:  624
j:  625
j:  626
j:  627
j:  628
j:  629
j:  630
j:  631
j:  632
j:  633
j:  634
j:  635
j:  636
j:  637
j:  638
j:  639
j:  640
j:  641
j:  642
j:  643
j:  644
j:  645
j:  646
j:  647
j:  648
j:  649
j:  650
j:  651
j:  652
j:  653
j:  654
j:  655
j:  656
j:  657
j:  658
j:  659
j:  660
j:  661
j:  662
j:  663
j:  664
j:  665
j:  666
j:  667
j:  668
j:  669
j:  670
j:  671
j:  672
j:  673
j:  674
j:  675
j:  676
j:  677
j:  678
j:  679
j:  680
j:  681
j:  682
j:  683
j:  684
j:  685
j:  686
j:  687
j:  688
j:  689
j:  690
j:  691
j:  692
j:  693
j:  694
j:  695
j:  696
j:  697
j:  698
j:  699
j:  700

-->batch:700 loss_var:172.85, loss_nino:32.54, score:3.366
j:  701
j:  702
j:  703
j:  704
j:  705
j:  706
j:  707
j:  708
j:  709
j:  710
j:  711
j:  712
j:  713
j:  714
j:  715
j:  716
j:  717
j:  718
j:  719
j:  720
j:  721
j:  722
j:  723
j:  724
j:  725
j:  726
j:  727
j:  728
j:  729
j:  730
j:  731
j:  732
j:  733
j:  734
j:  735
j:  736
j:  737
j:  738
j:  739
j:  740
j:  741
j:  742
j:  743
j:  744
j:  745
j:  746
j:  747
j:  748
j:  749
j:  750
j:  751
j:  752
j:  753
j:  754
j:  755
j:  756
j:  757
j:  758
j:  759
j:  760
j:  761
j:  762
j:  763
j:  764
j:  765
j:  766
j:  767
j:  768
j:  769
j:  770
j:  771
j:  772
j:  773
j:  774
j:  775
j:  776
j:  777
j:  778
j:  779
j:  780
j:  781
j:  782
j:  783
j:  784
j:  785
j:  786
j:  787
j:  788
j:  789
j:  790
j:  791
j:  792
j:  793
j:  794
j:  795
j:  796
j:  797
j:  798
j:  799
-->Evaluation... 
loss_var:171.497 
loss_nino:20.420 
loss_com:0.455 
score:-3.157
j:  800

-->batch:800 loss_var:165.86, loss_nino:24.59, score:12.282
j:  801
j:  802
j:  803
j:  804
j:  805
j:  806
j:  807
j:  808
j:  809
j:  810
j:  811
j:  812
j:  813
j:  814
j:  815
j:  816
j:  817
j:  818
j:  819
j:  820
j:  821
j:  822
j:  823
j:  824
j:  825
j:  826
j:  827
j:  828
j:  829
j:  830
j:  831
j:  832
j:  833
j:  834
j:  835
j:  836
j:  837
j:  838
j:  839
j:  840
j:  841
j:  842
j:  843
j:  844
j:  845
j:  846
j:  847
j:  848
j:  849
j:  850
j:  851
j:  852
j:  853
j:  854
j:  855
j:  856
j:  857
j:  858
j:  859
j:  860
j:  861
j:  862
j:  863
j:  864
j:  865
j:  866
j:  867
j:  868
j:  869
j:  870
j:  871
j:  872
j:  873
j:  874
j:  875
j:  876
j:  877
j:  878
j:  879
j:  880
j:  881
j:  882
j:  883
j:  884
j:  885
j:  886
j:  887
j:  888
j:  889
j:  890
j:  891
j:  892
j:  893
j:  894
j:  895
j:  896
j:  897
j:  898
j:  899
j:  900

-->batch:900 loss_var:160.06, loss_nino:21.59, score:36.894
j:  901
j:  902
j:  903
j:  904
j:  905
j:  906
j:  907
j:  908
j:  909
j:  910
j:  911
j:  912
j:  913
j:  914
j:  915
j:  916
j:  917
j:  918
j:  919
j:  920
j:  921
j:  922
j:  923
j:  924
j:  925
j:  926
j:  927
j:  928
j:  929
j:  930
j:  931
j:  932
j:  933
j:  934
j:  935
j:  936
j:  937
j:  938
j:  939
j:  940
j:  941
j:  942
j:  943
j:  944
j:  945
j:  946
j:  947
j:  948
j:  949
j:  950
j:  951
j:  952
j:  953
j:  954
j:  955
j:  956
j:  957
j:  958
j:  959
j:  960
j:  961
j:  962
j:  963
j:  964
j:  965
j:  966
j:  967
j:  968
j:  969
j:  970
j:  971
j:  972
j:  973
j:  974
j:  975
j:  976
j:  977
j:  978
j:  979
j:  980
j:  981
j:  982
j:  983
j:  984
j:  985
j:  986
j:  987
j:  988
j:  989
j:  990
j:  991
j:  992
j:  993
j:  994
j:  995
j:  996
j:  997
j:  998
j:  999
-->Evaluation... 
loss_var:171.965 
loss_nino:20.791 
loss_com:0.455 
score:-6.606
j:  1000

-->batch:1000 loss_var:156.38, loss_nino:21.64, score:18.349
j:  1001
j:  1002
j:  1003
j:  1004
j:  1005
j:  1006
j:  1007
j:  1008
j:  1009
j:  1010
j:  1011
j:  1012
j:  1013
j:  1014
j:  1015
j:  1016
j:  1017
j:  1018
j:  1019
j:  1020
j:  1021
j:  1022
j:  1023
j:  1024
j:  1025
j:  1026
j:  1027
j:  1028
j:  1029
j:  1030
j:  1031
j:  1032
j:  1033
j:  1034
j:  1035
j:  1036
j:  1037
j:  1038
j:  1039
j:  1040
j:  1041
j:  1042
j:  1043
j:  1044
j:  1045
j:  1046
j:  1047
j:  1048
j:  1049
j:  1050
j:  1051
j:  1052
j:  1053
j:  1054
j:  1055
j:  1056
j:  1057
j:  1058
j:  1059
j:  1060
j:  1061
j:  1062
j:  1063
j:  1064
j:  1065
j:  1066
j:  1067
j:  1068
j:  1069
j:  1070
j:  1071
j:  1072
j:  1073
j:  1074
j:  1075
j:  1076
j:  1077
j:  1078
j:  1079
j:  1080
j:  1081
j:  1082
j:  1083
j:  1084
j:  1085
j:  1086
j:  1087
j:  1088
j:  1089
j:  1090
j:  1091
j:  1092
j:  1093
j:  1094
j:  1095
j:  1096
j:  1097
j:  1098
j:  1099
j:  1100

-->batch:1100 loss_var:163.04, loss_nino:21.07, score:34.067
j:  1101
j:  1102
j:  1103
j:  1104
j:  1105
j:  1106
j:  1107
j:  1108
j:  1109
j:  1110
j:  1111
j:  1112
j:  1113
j:  1114
j:  1115
j:  1116
j:  1117
j:  1118
j:  1119
j:  1120
j:  1121
j:  1122
j:  1123
j:  1124
j:  1125
j:  1126
j:  1127
j:  1128
j:  1129
j:  1130
j:  1131
j:  1132
j:  1133
j:  1134
j:  1135
j:  1136
j:  1137
j:  1138
j:  1139
j:  1140
j:  1141
j:  1142
j:  1143
j:  1144
j:  1145
j:  1146
j:  1147
j:  1148
j:  1149
j:  1150
j:  1151
j:  1152
j:  1153
j:  1154
j:  1155
j:  1156
j:  1157
j:  1158
j:  1159
j:  1160
j:  1161
j:  1162
j:  1163
j:  1164
j:  1165
j:  1166
j:  1167
j:  1168
j:  1169
j:  1170
j:  1171
j:  1172
j:  1173
j:  1174
j:  1175
j:  1176
j:  1177
j:  1178
j:  1179
j:  1180
j:  1181
j:  1182
j:  1183
j:  1184
j:  1185
j:  1186
j:  1187
j:  1188
j:  1189
j:  1190
j:  1191
j:  1192
j:  1193
j:  1194
j:  1195
j:  1196
j:  1197
j:  1198
j:  1199
-->Evaluation... 
loss_var:171.757 
loss_nino:20.973 
loss_com:0.458 
score:-3.580
j:  1200

-->batch:1200 loss_var:148.28, loss_nino:14.41, score:41.201
j:  1201
j:  1202
j:  1203
j:  1204
j:  1205
j:  1206
j:  1207
j:  1208
j:  1209
j:  1210
j:  1211
j:  1212
j:  1213
j:  1214
j:  1215
j:  1216
j:  1217
j:  1218
j:  1219
j:  1220
j:  1221
j:  1222
j:  1223
j:  1224
j:  1225
j:  1226
j:  1227
j:  1228
j:  1229
j:  1230
j:  1231
j:  1232
j:  1233
j:  1234
j:  1235
j:  1236
j:  1237
j:  1238
j:  1239
j:  1240
j:  1241
j:  1242
j:  1243
j:  1244
j:  1245
j:  1246
j:  1247
j:  1248
j:  1249
j:  1250
j:  1251
j:  1252
j:  1253
j:  1254
j:  1255
j:  1256
j:  1257
j:  1258
j:  1259
j:  1260
j:  1261
j:  1262
j:  1263
j:  1264
j:  1265
j:  1266
j:  1267
j:  1268
j:  1269
j:  1270
j:  1271
j:  1272
j:  1273
j:  1274
j:  1275
j:  1276
j:  1277
j:  1278
j:  1279
j:  1280
j:  1281
j:  1282
j:  1283
j:  1284
j:  1285
j:  1286
j:  1287
j:  1288
j:  1289
j:  1290
j:  1291
j:  1292
j:  1293
j:  1294
j:  1295
j:  1296
j:  1297
j:  1298
j:  1299
j:  1300

-->batch:1300 loss_var:160.30, loss_nino:22.36, score:-0.595
j:  1301
j:  1302
j:  1303
j:  1304
j:  1305
j:  1306
j:  1307
j:  1308
j:  1309
j:  1310
j:  1311
j:  1312
j:  1313
j:  1314
j:  1315
j:  1316
j:  1317
j:  1318
j:  1319
j:  1320
j:  1321
j:  1322
j:  1323
j:  1324
j:  1325
j:  1326
j:  1327
j:  1328
j:  1329
j:  1330
j:  1331
j:  1332
j:  1333
j:  1334
j:  1335
j:  1336
j:  1337
j:  1338
j:  1339
j:  1340
j:  1341
j:  1342
j:  1343
j:  1344
j:  1345
j:  1346
j:  1347
j:  1348
j:  1349
j:  1350
j:  1351
j:  1352
j:  1353
j:  1354
j:  1355
j:  1356
j:  1357
j:  1358
j:  1359
j:  1360
j:  1361
j:  1362
j:  1363
j:  1364
j:  1365
j:  1366
j:  1367
j:  1368
j:  1369
j:  1370
j:  1371
j:  1372
j:  1373
j:  1374
j:  1375
j:  1376
j:  1377
j:  1378
j:  1379
j:  1380
j:  1381
j:  1382
j:  1383
j:  1384
j:  1385
j:  1386
j:  1387
j:  1388
j:  1389
j:  1390
j:  1391
j:  1392
j:  1393
j:  1394
j:  1395
j:  1396
j:  1397
j:  1398
j:  1399
-->Evaluation... 
loss_var:172.606 
loss_nino:21.686 
loss_com:0.458 
score:-6.686
j:  1400

-->batch:1400 loss_var:149.62, loss_nino:17.69, score:27.945
j:  1401
j:  1402
j:  1403
j:  1404
j:  1405
j:  1406
j:  1407
j:  1408
j:  1409
j:  1410
j:  1411
j:  1412
j:  1413
j:  1414
j:  1415
j:  1416
j:  1417
j:  1418
j:  1419
j:  1420
j:  1421
j:  1422
j:  1423
j:  1424
j:  1425
j:  1426
j:  1427
j:  1428
j:  1429
j:  1430
j:  1431
j:  1432
j:  1433
j:  1434
j:  1435
j:  1436
j:  1437
j:  1438
j:  1439
j:  1440
j:  1441
j:  1442
j:  1443
j:  1444
j:  1445
j:  1446
j:  1447
j:  1448
j:  1449
j:  1450
j:  1451
j:  1452
j:  1453
j:  1454
j:  1455
j:  1456
j:  1457
j:  1458
j:  1459
j:  1460
j:  1461
j:  1462
j:  1463
j:  1464
j:  1465
j:  1466
j:  1467
j:  1468
j:  1469
j:  1470
j:  1471
j:  1472
j:  1473
j:  1474
j:  1475
j:  1476
j:  1477
j:  1478
j:  1479
j:  1480
j:  1481
j:  1482
j:  1483
j:  1484
j:  1485
j:  1486
j:  1487
j:  1488
j:  1489
j:  1490
j:  1491
j:  1492
j:  1493
j:  1494
j:  1495
j:  1496
j:  1497
j:  1498
j:  1499
j:  1500

-->batch:1500 loss_var:164.57, loss_nino:20.69, score:16.031
j:  1501
j:  1502
j:  1503
j:  1504
j:  1505
j:  1506
j:  1507
j:  1508
j:  1509
j:  1510
j:  1511
j:  1512
j:  1513
j:  1514
j:  1515
j:  1516
j:  1517
j:  1518
j:  1519
j:  1520
j:  1521
j:  1522
j:  1523
j:  1524
j:  1525
j:  1526
j:  1527
j:  1528
j:  1529
j:  1530
j:  1531
j:  1532
j:  1533
j:  1534
j:  1535
j:  1536
j:  1537
j:  1538
j:  1539
j:  1540
j:  1541
j:  1542
j:  1543
j:  1544
j:  1545
j:  1546
j:  1547
j:  1548
j:  1549
j:  1550
j:  1551
j:  1552
j:  1553
j:  1554
j:  1555
j:  1556
j:  1557
j:  1558
j:  1559
j:  1560
j:  1561
j:  1562
j:  1563
j:  1564
j:  1565
j:  1566
j:  1567
j:  1568
j:  1569
j:  1570
j:  1571
j:  1572
j:  1573
j:  1574
j:  1575
j:  1576
j:  1577
j:  1578
j:  1579
j:  1580
j:  1581
j:  1582
j:  1583
j:  1584
j:  1585
j:  1586
j:  1587
j:  1588
j:  1589
j:  1590
j:  1591
j:  1592
j:  1593
j:  1594
j:  1595
j:  1596
j:  1597
j:  1598
j:  1599
-->Evaluation... 
loss_var:172.798 
loss_nino:20.862 
loss_com:0.458 
score:-3.631
j:  1600

-->batch:1600 loss_var:147.43, loss_nino:16.75, score:21.300
j:  1601
j:  1602
j:  1603
j:  1604
j:  1605
j:  1606
j:  1607
j:  1608
j:  1609
j:  1610
j:  1611
j:  1612
j:  1613
j:  1614
j:  1615
j:  1616
j:  1617
j:  1618
j:  1619
j:  1620
j:  1621
j:  1622
j:  1623
j:  1624

-->epoch3 end... 
loss_var:171.364 
loss_nino:20.353 
loss_com:0.454 
score: -1.947

sc is not increase for 1 epoch
================================================================================

-->epoch: 4
j:  0

-->batch:0 loss_var:170.26, loss_nino:20.34, score:25.869
j:  1
j:  2
j:  3
j:  4
j:  5
j:  6
j:  7
j:  8
j:  9
j:  10
j:  11
j:  12
j:  13
j:  14
j:  15
j:  16
j:  17
j:  18
j:  19
j:  20
j:  21
j:  22
j:  23
j:  24
j:  25
j:  26
j:  27
j:  28
j:  29
j:  30
j:  31
j:  32
j:  33
j:  34
j:  35
j:  36
j:  37
j:  38
j:  39
j:  40
j:  41
j:  42
j:  43
j:  44
j:  45
j:  46
j:  47
j:  48
j:  49
j:  50
j:  51
j:  52
j:  53
j:  54
j:  55
j:  56
j:  57
j:  58
j:  59
j:  60
j:  61
j:  62
j:  63
j:  64
j:  65
j:  66
j:  67
j:  68
j:  69
j:  70
j:  71
j:  72
j:  73
j:  74
j:  75
j:  76
j:  77
j:  78
j:  79
j:  80
j:  81
j:  82
j:  83
j:  84
j:  85
j:  86
j:  87
j:  88
j:  89
j:  90
j:  91
j:  92
j:  93
j:  94
j:  95
j:  96
j:  97
j:  98
j:  99
j:  100

-->batch:100 loss_var:165.15, loss_nino:23.45, score:13.733
j:  101
j:  102
j:  103
j:  104
j:  105
j:  106
j:  107
j:  108
j:  109
j:  110
j:  111
j:  112
j:  113
j:  114
j:  115
j:  116
j:  117
j:  118
j:  119
j:  120
j:  121
j:  122
j:  123
j:  124
j:  125
j:  126
j:  127
j:  128
j:  129
j:  130
j:  131
j:  132
j:  133
j:  134
j:  135
j:  136
j:  137
j:  138
j:  139
j:  140
j:  141
j:  142
j:  143
j:  144
j:  145
j:  146
j:  147
j:  148
j:  149
j:  150
j:  151
j:  152
j:  153
j:  154
j:  155
j:  156
j:  157
j:  158
j:  159
j:  160
j:  161
j:  162
j:  163
j:  164
j:  165
j:  166
j:  167
j:  168
j:  169
j:  170
j:  171
j:  172
j:  173
j:  174
j:  175
j:  176
j:  177
j:  178
j:  179
j:  180
j:  181
j:  182
j:  183
j:  184
j:  185
j:  186
j:  187
j:  188
j:  189
j:  190
j:  191
j:  192
j:  193
j:  194
j:  195
j:  196
j:  197
j:  198
j:  199
-->Evaluation... 
loss_var:181.321 
loss_nino:24.491 
loss_com:0.481 
score:-6.956
j:  200

-->batch:200 loss_var:162.11, loss_nino:21.07, score:43.888
j:  201
j:  202
j:  203
j:  204
j:  205
j:  206
j:  207
j:  208
j:  209
j:  210
j:  211
j:  212
j:  213
j:  214
j:  215
j:  216
j:  217
j:  218
j:  219
j:  220
j:  221
j:  222
j:  223
j:  224
j:  225
j:  226
j:  227
j:  228
j:  229
j:  230
j:  231
j:  232
j:  233
j:  234
j:  235
j:  236
j:  237
j:  238
j:  239
j:  240
j:  241
j:  242
j:  243
j:  244
j:  245
j:  246
j:  247
j:  248
j:  249
j:  250
j:  251
j:  252
j:  253
j:  254
j:  255
j:  256
j:  257
j:  258
j:  259
j:  260
j:  261
j:  262
j:  263
j:  264
j:  265
j:  266
j:  267
j:  268
j:  269
j:  270
j:  271
j:  272
j:  273
j:  274
j:  275
j:  276
j:  277
j:  278
j:  279
j:  280
j:  281
j:  282
j:  283
j:  284
j:  285
j:  286
j:  287
j:  288
j:  289
j:  290
j:  291
j:  292
j:  293
j:  294
j:  295
j:  296
j:  297
j:  298
j:  299
j:  300

-->batch:300 loss_var:146.13, loss_nino:15.66, score:12.108
j:  301
j:  302
j:  303
j:  304
j:  305
j:  306
j:  307
j:  308
j:  309
j:  310
j:  311
j:  312
j:  313
j:  314
j:  315
j:  316
j:  317
j:  318
j:  319
j:  320
j:  321
j:  322
j:  323
j:  324
j:  325
j:  326
j:  327
j:  328
j:  329
j:  330
j:  331
j:  332
j:  333
j:  334
j:  335
j:  336
j:  337
j:  338
j:  339
j:  340
j:  341
j:  342
j:  343
j:  344
j:  345
j:  346
j:  347
j:  348
j:  349
j:  350
j:  351
j:  352
j:  353
j:  354
j:  355
j:  356
j:  357
j:  358
j:  359
j:  360
j:  361
j:  362
j:  363
j:  364
j:  365
j:  366
j:  367
j:  368
j:  369
j:  370
j:  371
j:  372
j:  373
j:  374
j:  375
j:  376
j:  377
j:  378
j:  379
j:  380
j:  381
j:  382
j:  383
j:  384
j:  385
j:  386
j:  387
j:  388
j:  389
j:  390
j:  391
j:  392
j:  393
j:  394
j:  395
j:  396
j:  397
j:  398
j:  399
-->Evaluation... 
loss_var:177.913 
loss_nino:23.368 
loss_com:0.471 
score:-3.831
j:  400

-->batch:400 loss_var:154.38, loss_nino:22.34, score:22.340
j:  401
j:  402
j:  403
j:  404
j:  405
j:  406
j:  407
j:  408
j:  409
j:  410
j:  411
j:  412
j:  413
j:  414
j:  415
j:  416
j:  417
j:  418
j:  419
j:  420
j:  421
j:  422
j:  423
j:  424
j:  425
j:  426
j:  427
j:  428
j:  429
j:  430
j:  431
j:  432
j:  433
j:  434
j:  435
j:  436
j:  437
j:  438
j:  439
j:  440
j:  441
j:  442
j:  443
j:  444
j:  445
j:  446
j:  447
j:  448
j:  449
j:  450
j:  451
j:  452
j:  453
j:  454
j:  455
j:  456
j:  457
j:  458
j:  459
j:  460
j:  461
j:  462
j:  463
j:  464
j:  465
j:  466
j:  467
j:  468
j:  469
j:  470
j:  471
j:  472
j:  473
j:  474
j:  475
j:  476
j:  477
j:  478
j:  479
j:  480
j:  481
j:  482
j:  483
j:  484
j:  485
j:  486
j:  487
j:  488
j:  489
j:  490
j:  491
j:  492
j:  493
j:  494
j:  495
j:  496
j:  497
j:  498
j:  499
j:  500

-->batch:500 loss_var:168.28, loss_nino:27.19, score:19.522
j:  501
j:  502
j:  503
j:  504
j:  505
j:  506
j:  507
j:  508
j:  509
j:  510
j:  511
j:  512
j:  513
j:  514
j:  515
j:  516
j:  517
j:  518
j:  519
j:  520
j:  521
j:  522
j:  523
j:  524
j:  525
j:  526
j:  527
j:  528
j:  529
j:  530
j:  531
j:  532
j:  533
j:  534
j:  535
j:  536
j:  537
j:  538
j:  539
j:  540
j:  541
j:  542
j:  543
j:  544
j:  545
j:  546
j:  547
j:  548
j:  549
j:  550
j:  551
j:  552
j:  553
j:  554
j:  555
j:  556
j:  557
j:  558
j:  559
j:  560
j:  561
j:  562
j:  563
j:  564
j:  565
j:  566
j:  567
j:  568
j:  569
j:  570
j:  571
j:  572
j:  573
j:  574
j:  575
j:  576
j:  577
j:  578
j:  579
j:  580
j:  581
j:  582
j:  583
j:  584
j:  585
j:  586
j:  587
j:  588
j:  589
j:  590
j:  591
j:  592
j:  593
j:  594
j:  595
j:  596
j:  597
j:  598
j:  599
-->Evaluation... 
loss_var:173.246 
loss_nino:21.220 
loss_com:0.458 
score:-5.765
j:  600

-->batch:600 loss_var:158.01, loss_nino:22.22, score:15.760
j:  601
j:  602
j:  603
j:  604
j:  605
j:  606
j:  607
j:  608
j:  609
j:  610
j:  611
j:  612
j:  613
j:  614
j:  615
j:  616
j:  617
j:  618
j:  619
j:  620
j:  621
j:  622
j:  623
j:  624
j:  625
j:  626
j:  627
j:  628
j:  629
j:  630
j:  631
j:  632
j:  633
j:  634
j:  635
j:  636
j:  637
j:  638
j:  639
j:  640
j:  641
j:  642
j:  643
j:  644
j:  645
j:  646
j:  647
j:  648
j:  649
j:  650
j:  651
j:  652
j:  653
j:  654
j:  655
j:  656
j:  657
j:  658
j:  659
j:  660
j:  661
j:  662
j:  663
j:  664
j:  665
j:  666
j:  667
j:  668
j:  669
j:  670
j:  671
j:  672
j:  673
j:  674
j:  675
j:  676
j:  677
j:  678
j:  679
j:  680
j:  681
j:  682
j:  683
j:  684
j:  685
j:  686
j:  687
j:  688
j:  689
j:  690
j:  691
j:  692
j:  693
j:  694
j:  695
j:  696
j:  697
j:  698
j:  699
j:  700

-->batch:700 loss_var:165.32, loss_nino:25.97, score:-0.350
j:  701
j:  702
j:  703
j:  704
j:  705
j:  706
j:  707
j:  708
j:  709
j:  710
j:  711
j:  712
j:  713
j:  714
j:  715
j:  716
j:  717
j:  718
j:  719
j:  720
j:  721
j:  722
j:  723
j:  724
j:  725
j:  726
j:  727
j:  728
j:  729
j:  730
j:  731
j:  732
j:  733
j:  734
j:  735
j:  736
j:  737
j:  738
j:  739
j:  740
j:  741
j:  742
j:  743
j:  744
j:  745
j:  746
j:  747
j:  748
j:  749
j:  750
j:  751
j:  752
j:  753
j:  754
j:  755
j:  756
j:  757
j:  758
j:  759
j:  760
j:  761
j:  762
j:  763
j:  764
j:  765
j:  766
j:  767
j:  768
j:  769
j:  770
j:  771
j:  772
j:  773
j:  774
j:  775
j:  776
j:  777
j:  778
j:  779
j:  780
j:  781
j:  782
j:  783
j:  784
j:  785
j:  786
j:  787
j:  788
j:  789
j:  790
j:  791
j:  792
j:  793
j:  794
j:  795
j:  796
j:  797
j:  798
j:  799
-->Evaluation... 
loss_var:172.607 
loss_nino:21.160 
loss_com:0.455 
score:0.193
j:  800

-->batch:800 loss_var:163.34, loss_nino:21.51, score:29.182
j:  801
j:  802
j:  803
j:  804
j:  805
j:  806
j:  807
j:  808
j:  809
j:  810
j:  811
j:  812
j:  813
j:  814
j:  815
j:  816
j:  817
j:  818
j:  819
j:  820
j:  821
j:  822
j:  823
j:  824
j:  825
j:  826
j:  827
j:  828
j:  829
j:  830
j:  831
j:  832
j:  833
j:  834
j:  835
j:  836
j:  837
j:  838
j:  839
j:  840
j:  841
j:  842
j:  843
j:  844
j:  845
j:  846
j:  847
j:  848
j:  849
j:  850
j:  851
j:  852
j:  853
j:  854
j:  855
j:  856
j:  857
j:  858
j:  859
j:  860
j:  861
j:  862
j:  863
j:  864
j:  865
j:  866
j:  867
j:  868
j:  869
j:  870
j:  871
j:  872
j:  873
j:  874
j:  875
j:  876
j:  877
j:  878
j:  879
j:  880
j:  881
j:  882
j:  883
j:  884
j:  885
j:  886
j:  887
j:  888
j:  889
j:  890
j:  891
j:  892
j:  893
j:  894
j:  895
j:  896
j:  897
j:  898
j:  899
j:  900

-->batch:900 loss_var:146.84, loss_nino:20.46, score:32.000
j:  901
j:  902
j:  903
j:  904
j:  905
j:  906
j:  907
j:  908
j:  909
j:  910
j:  911
j:  912
j:  913
j:  914
j:  915
j:  916
j:  917
j:  918
j:  919
j:  920
j:  921
j:  922
j:  923
j:  924
j:  925
j:  926
j:  927
j:  928
j:  929
j:  930
j:  931
j:  932
j:  933
j:  934
j:  935
j:  936
j:  937
j:  938
j:  939
j:  940
j:  941
j:  942
j:  943
j:  944
j:  945
j:  946
j:  947
j:  948
j:  949
j:  950
j:  951
j:  952
j:  953
j:  954
j:  955
j:  956
j:  957
j:  958
j:  959
j:  960
j:  961
j:  962
j:  963
j:  964
j:  965
j:  966
j:  967
j:  968
j:  969
j:  970
j:  971
j:  972
j:  973
j:  974
j:  975
j:  976
j:  977
j:  978
j:  979
j:  980
j:  981
j:  982
j:  983
j:  984
j:  985
j:  986
j:  987
j:  988
j:  989
j:  990
j:  991
j:  992
j:  993
j:  994
j:  995
j:  996
j:  997
j:  998
j:  999
-->Evaluation... 
loss_var:172.054 
loss_nino:20.852 
loss_com:0.456 
score:-4.353
j:  1000

-->batch:1000 loss_var:151.47, loss_nino:17.19, score:13.890
j:  1001
j:  1002
j:  1003
j:  1004
j:  1005
j:  1006
j:  1007
j:  1008
j:  1009
j:  1010
j:  1011
j:  1012
j:  1013
j:  1014
j:  1015
j:  1016
j:  1017
j:  1018
j:  1019
j:  1020
j:  1021
j:  1022
j:  1023
j:  1024
j:  1025
j:  1026
j:  1027
j:  1028
j:  1029
j:  1030
j:  1031
j:  1032
j:  1033
j:  1034
j:  1035
j:  1036
j:  1037
j:  1038
j:  1039
j:  1040
j:  1041
j:  1042
j:  1043
j:  1044
j:  1045
j:  1046
j:  1047
j:  1048
j:  1049
j:  1050
j:  1051
j:  1052
j:  1053
j:  1054
j:  1055
j:  1056
j:  1057
j:  1058
j:  1059
j:  1060
j:  1061
j:  1062
j:  1063
j:  1064
j:  1065
j:  1066
j:  1067
j:  1068
j:  1069
j:  1070
j:  1071
j:  1072
j:  1073
j:  1074
j:  1075
j:  1076
j:  1077
j:  1078
j:  1079
j:  1080
j:  1081
j:  1082
j:  1083
j:  1084
j:  1085
j:  1086
j:  1087
j:  1088
j:  1089
j:  1090
j:  1091
j:  1092
j:  1093
j:  1094
j:  1095
j:  1096
j:  1097
j:  1098
j:  1099
j:  1100

-->batch:1100 loss_var:152.92, loss_nino:22.92, score:9.461
j:  1101
j:  1102
j:  1103
j:  1104
j:  1105
j:  1106
j:  1107
j:  1108
j:  1109
j:  1110
j:  1111
j:  1112
j:  1113
j:  1114
j:  1115
j:  1116
j:  1117
j:  1118
j:  1119
j:  1120
j:  1121
j:  1122
j:  1123
j:  1124
j:  1125
j:  1126
j:  1127
j:  1128
j:  1129
j:  1130
j:  1131
j:  1132
j:  1133
j:  1134
j:  1135
j:  1136
j:  1137
j:  1138
j:  1139
j:  1140
j:  1141
j:  1142
j:  1143
j:  1144
j:  1145
j:  1146
j:  1147
j:  1148
j:  1149
j:  1150
j:  1151
j:  1152
j:  1153
j:  1154
j:  1155
j:  1156
j:  1157
j:  1158
j:  1159
j:  1160
j:  1161
j:  1162
j:  1163
j:  1164
j:  1165
j:  1166
j:  1167
j:  1168
j:  1169
j:  1170
j:  1171
j:  1172
j:  1173
j:  1174
j:  1175
j:  1176
j:  1177
j:  1178
j:  1179
j:  1180
j:  1181
j:  1182
j:  1183
j:  1184
j:  1185
j:  1186
j:  1187
j:  1188
j:  1189
j:  1190
j:  1191
j:  1192
j:  1193
j:  1194
j:  1195
j:  1196
j:  1197
j:  1198
j:  1199
-->Evaluation... 
loss_var:172.434 
loss_nino:20.212 
loss_com:0.454 
score:-1.076
j:  1200

-->batch:1200 loss_var:155.27, loss_nino:22.68, score:15.207
j:  1201
j:  1202
j:  1203
j:  1204
j:  1205
j:  1206
j:  1207
j:  1208
j:  1209
j:  1210
j:  1211
j:  1212
j:  1213
j:  1214
j:  1215
j:  1216
j:  1217
j:  1218
j:  1219
j:  1220
j:  1221
j:  1222
j:  1223
j:  1224
j:  1225
j:  1226
j:  1227
j:  1228
j:  1229
j:  1230
j:  1231
j:  1232
j:  1233
j:  1234
j:  1235
j:  1236
j:  1237
j:  1238
j:  1239
j:  1240
j:  1241
j:  1242
j:  1243
j:  1244
j:  1245
j:  1246
j:  1247
j:  1248
j:  1249
j:  1250
j:  1251
j:  1252
j:  1253
j:  1254
j:  1255
j:  1256
j:  1257
j:  1258
j:  1259
j:  1260
j:  1261
j:  1262
j:  1263
j:  1264
j:  1265
j:  1266
j:  1267
j:  1268
j:  1269
j:  1270
j:  1271
j:  1272
j:  1273
j:  1274
j:  1275
j:  1276
j:  1277
j:  1278
j:  1279
j:  1280
j:  1281
j:  1282
j:  1283
j:  1284
j:  1285
j:  1286
j:  1287
j:  1288
j:  1289
j:  1290
j:  1291
j:  1292
j:  1293
j:  1294
j:  1295
j:  1296
j:  1297
j:  1298
j:  1299
j:  1300

-->batch:1300 loss_var:159.67, loss_nino:23.70, score:16.059
j:  1301
j:  1302
j:  1303
j:  1304
j:  1305
j:  1306
j:  1307
j:  1308
j:  1309
j:  1310
j:  1311
j:  1312
j:  1313
j:  1314
j:  1315
j:  1316
j:  1317
j:  1318
j:  1319
j:  1320
j:  1321
j:  1322
j:  1323
j:  1324
j:  1325
j:  1326
j:  1327
j:  1328
j:  1329
j:  1330
j:  1331
j:  1332
j:  1333
j:  1334
j:  1335
j:  1336
j:  1337
j:  1338
j:  1339
j:  1340
j:  1341
j:  1342
j:  1343
j:  1344
j:  1345
j:  1346
j:  1347
j:  1348
j:  1349
j:  1350
j:  1351
j:  1352
j:  1353
j:  1354
j:  1355
j:  1356
j:  1357
j:  1358
j:  1359
j:  1360
j:  1361
j:  1362
j:  1363
j:  1364
j:  1365
j:  1366
j:  1367
j:  1368
j:  1369
j:  1370
j:  1371
j:  1372
j:  1373
j:  1374
j:  1375
j:  1376
j:  1377
j:  1378
j:  1379
j:  1380
j:  1381
j:  1382
j:  1383
j:  1384
j:  1385
j:  1386
j:  1387
j:  1388
j:  1389
j:  1390
j:  1391
j:  1392
j:  1393
j:  1394
j:  1395
j:  1396
j:  1397
j:  1398
j:  1399
-->Evaluation... 
loss_var:174.024 
loss_nino:21.695 
loss_com:0.459 
score:-3.014
j:  1400

-->batch:1400 loss_var:161.61, loss_nino:23.13, score:41.432
j:  1401
j:  1402
j:  1403
j:  1404
j:  1405
j:  1406
j:  1407
j:  1408
j:  1409
j:  1410
j:  1411
j:  1412
j:  1413
j:  1414
j:  1415
j:  1416
j:  1417
j:  1418
j:  1419
j:  1420
j:  1421
j:  1422
j:  1423
j:  1424
j:  1425
j:  1426
j:  1427
j:  1428
j:  1429
j:  1430
j:  1431
j:  1432
j:  1433
j:  1434
j:  1435
j:  1436
j:  1437
j:  1438
j:  1439
j:  1440
j:  1441
j:  1442
j:  1443
j:  1444
j:  1445
j:  1446
j:  1447
j:  1448
j:  1449
j:  1450
j:  1451
j:  1452
j:  1453
j:  1454
j:  1455
j:  1456
j:  1457
j:  1458
j:  1459
j:  1460
j:  1461
j:  1462
j:  1463
j:  1464
j:  1465
j:  1466
j:  1467
j:  1468
j:  1469
j:  1470
j:  1471
j:  1472
j:  1473
j:  1474
j:  1475
j:  1476
j:  1477
j:  1478
j:  1479
j:  1480
j:  1481
j:  1482
j:  1483
j:  1484
j:  1485
j:  1486
j:  1487
j:  1488
j:  1489
j:  1490
j:  1491
j:  1492
j:  1493
j:  1494
j:  1495
j:  1496
j:  1497
j:  1498
j:  1499
j:  1500

-->batch:1500 loss_var:159.50, loss_nino:18.23, score:35.319
j:  1501
j:  1502
j:  1503
j:  1504
j:  1505
j:  1506
j:  1507
j:  1508
j:  1509
j:  1510
j:  1511
j:  1512
j:  1513
j:  1514
j:  1515
j:  1516
j:  1517
j:  1518
j:  1519
j:  1520
j:  1521
j:  1522
j:  1523
j:  1524
j:  1525
j:  1526
j:  1527
j:  1528
j:  1529
j:  1530
j:  1531
j:  1532
j:  1533
j:  1534
j:  1535
j:  1536
j:  1537
j:  1538
j:  1539
j:  1540
j:  1541
j:  1542
j:  1543
j:  1544
j:  1545
j:  1546
j:  1547
j:  1548
j:  1549
j:  1550
j:  1551
j:  1552
j:  1553
j:  1554
j:  1555
j:  1556
j:  1557
j:  1558
j:  1559
j:  1560
j:  1561
j:  1562
j:  1563
j:  1564
j:  1565
j:  1566
j:  1567
j:  1568
j:  1569
j:  1570
j:  1571
j:  1572
j:  1573
j:  1574
j:  1575
j:  1576
j:  1577
j:  1578
j:  1579
j:  1580
j:  1581
j:  1582
j:  1583
j:  1584
j:  1585
j:  1586
j:  1587
j:  1588
j:  1589
j:  1590
j:  1591
j:  1592
j:  1593
j:  1594
j:  1595
j:  1596
j:  1597
j:  1598
j:  1599
-->Evaluation... 
loss_var:171.762 
loss_nino:20.399 
loss_com:0.453 
score:-0.767
j:  1600

-->batch:1600 loss_var:158.27, loss_nino:22.16, score:34.268
j:  1601
j:  1602
j:  1603
j:  1604
j:  1605
j:  1606
j:  1607
j:  1608
j:  1609
j:  1610
j:  1611
j:  1612
j:  1613
j:  1614
j:  1615
j:  1616
j:  1617
j:  1618
j:  1619
j:  1620
j:  1621
j:  1622
j:  1623
j:  1624

-->epoch4 end... 
loss_var:172.732 
loss_nino:20.739 
loss_com:0.456 
score: -2.626

sc is not increase for 2 epoch
================================================================================

-->epoch: 5
j:  0

-->batch:0 loss_var:166.89, loss_nino:22.78, score:24.621
j:  1
j:  2
j:  3
j:  4
j:  5
j:  6
j:  7
j:  8
j:  9
j:  10
j:  11
j:  12
j:  13
j:  14
j:  15
j:  16
j:  17
j:  18
j:  19
j:  20
j:  21
j:  22
j:  23
j:  24
j:  25
j:  26
j:  27
j:  28
j:  29
j:  30
j:  31
j:  32
j:  33
j:  34
j:  35
j:  36
j:  37
j:  38
j:  39
j:  40
j:  41
j:  42
j:  43
j:  44
j:  45
j:  46
j:  47
j:  48
j:  49
j:  50
j:  51
j:  52
j:  53
j:  54
j:  55
j:  56
j:  57
j:  58
j:  59
j:  60
j:  61
j:  62
j:  63
j:  64
j:  65
j:  66
j:  67
j:  68
j:  69
j:  70
j:  71
j:  72
j:  73
j:  74
j:  75
j:  76
j:  77
j:  78
j:  79
j:  80
j:  81
j:  82
j:  83
j:  84
j:  85
j:  86
j:  87
j:  88
j:  89
j:  90
j:  91
j:  92
j:  93
j:  94
j:  95
j:  96
j:  97
j:  98
j:  99
j:  100

-->batch:100 loss_var:167.89, loss_nino:25.05, score:-1.145
j:  101
j:  102
j:  103
j:  104
j:  105
j:  106
j:  107
j:  108
j:  109
j:  110
j:  111
j:  112
j:  113
j:  114
j:  115
j:  116
j:  117
j:  118
j:  119
j:  120
j:  121
j:  122
j:  123
j:  124
j:  125
j:  126
j:  127
j:  128
j:  129
j:  130
j:  131
j:  132
j:  133
j:  134
j:  135
j:  136
j:  137
j:  138
j:  139
j:  140
j:  141
j:  142
j:  143
j:  144
j:  145
j:  146
j:  147
j:  148
j:  149
j:  150
j:  151
j:  152
j:  153
j:  154
j:  155
j:  156
j:  157
j:  158
j:  159
j:  160
j:  161
j:  162
j:  163
j:  164
j:  165
j:  166
j:  167
j:  168
j:  169
j:  170
j:  171
j:  172
j:  173
j:  174
j:  175
j:  176
j:  177
j:  178
j:  179
j:  180
j:  181
j:  182
j:  183
j:  184
j:  185
j:  186
j:  187
j:  188
j:  189
j:  190
j:  191
j:  192
j:  193
j:  194
j:  195
j:  196
j:  197
j:  198
j:  199
-->Evaluation... 
loss_var:178.760 
loss_nino:23.084 
loss_com:0.472 
score:-2.506
j:  200

-->batch:200 loss_var:158.06, loss_nino:19.87, score:14.681
j:  201
j:  202
j:  203
j:  204
j:  205
j:  206
j:  207
j:  208
j:  209
j:  210
j:  211
j:  212
j:  213
j:  214
j:  215
j:  216
j:  217
j:  218
j:  219
j:  220
j:  221
j:  222
j:  223
j:  224
j:  225
j:  226
j:  227
j:  228
j:  229
j:  230
j:  231
j:  232
j:  233
j:  234
j:  235
j:  236
j:  237
j:  238
j:  239
j:  240
j:  241
j:  242
j:  243
j:  244
j:  245
j:  246
j:  247
j:  248
j:  249
j:  250
j:  251
j:  252
j:  253
j:  254
j:  255
j:  256
j:  257
j:  258
j:  259
j:  260
j:  261
j:  262
j:  263
j:  264
j:  265
j:  266
j:  267
j:  268
j:  269
j:  270
j:  271
j:  272
j:  273
j:  274
j:  275
j:  276
j:  277
j:  278
j:  279
j:  280
j:  281
j:  282
j:  283
j:  284
j:  285
j:  286
j:  287
j:  288
j:  289
j:  290
j:  291
j:  292
j:  293
j:  294
j:  295
j:  296
j:  297
j:  298
j:  299
j:  300

-->batch:300 loss_var:161.08, loss_nino:22.95, score:35.048
j:  301
j:  302
j:  303
j:  304
j:  305
j:  306
j:  307
j:  308
j:  309
j:  310
j:  311
j:  312
j:  313
j:  314
j:  315
j:  316
j:  317
j:  318
j:  319
j:  320
j:  321
j:  322
j:  323
j:  324
j:  325
j:  326
j:  327
j:  328
j:  329
j:  330
j:  331
j:  332
j:  333
j:  334
j:  335
j:  336
j:  337
j:  338
j:  339
j:  340
j:  341
j:  342
j:  343
j:  344
j:  345
j:  346
j:  347
j:  348
j:  349
j:  350
j:  351
j:  352
j:  353
j:  354
j:  355
j:  356
j:  357
j:  358
j:  359
j:  360
j:  361
j:  362
j:  363
j:  364
j:  365
j:  366
j:  367
j:  368
j:  369
j:  370
j:  371
j:  372
j:  373
j:  374
j:  375
j:  376
j:  377
j:  378
j:  379
j:  380
j:  381
j:  382
j:  383
j:  384
j:  385
j:  386
j:  387
j:  388
j:  389
j:  390
j:  391
j:  392
j:  393
j:  394
j:  395
j:  396
j:  397
j:  398
j:  399
-->Evaluation... 
loss_var:174.422 
loss_nino:21.427 
loss_com:0.460 
score:-1.869
j:  400

-->batch:400 loss_var:162.99, loss_nino:20.81, score:24.288
j:  401
j:  402
j:  403
j:  404
j:  405
j:  406
j:  407
j:  408
j:  409
j:  410
j:  411
j:  412
j:  413
j:  414
j:  415
j:  416
j:  417
j:  418
j:  419
j:  420
j:  421
j:  422
j:  423
j:  424
j:  425
j:  426
j:  427
j:  428
j:  429
j:  430
j:  431
j:  432
j:  433
j:  434
j:  435
j:  436
j:  437
j:  438
j:  439
j:  440
j:  441
j:  442
j:  443
j:  444
j:  445
j:  446
j:  447
j:  448
j:  449
j:  450
j:  451
j:  452
j:  453
j:  454
j:  455
j:  456
j:  457
j:  458
j:  459
j:  460
j:  461
j:  462
j:  463
j:  464
j:  465
j:  466
j:  467
j:  468
j:  469
j:  470
j:  471
j:  472
j:  473
j:  474
j:  475
j:  476
j:  477
j:  478
j:  479
j:  480
j:  481
j:  482
j:  483
j:  484
j:  485
j:  486
j:  487
j:  488
j:  489
j:  490
j:  491
j:  492
j:  493
j:  494
j:  495
j:  496
j:  497
j:  498
j:  499
j:  500

-->batch:500 loss_var:175.19, loss_nino:29.12, score:-5.015
j:  501
j:  502
j:  503
j:  504
j:  505
j:  506
j:  507
j:  508
j:  509
j:  510
j:  511
j:  512
j:  513
j:  514
j:  515
j:  516
j:  517
j:  518
j:  519
j:  520
j:  521
j:  522
j:  523
j:  524
j:  525
j:  526
j:  527
j:  528
j:  529
j:  530
j:  531
j:  532
j:  533
j:  534
j:  535
j:  536
j:  537
j:  538
j:  539
j:  540
j:  541
j:  542
j:  543
j:  544
j:  545
j:  546
j:  547
j:  548
j:  549
j:  550
j:  551
j:  552
j:  553
j:  554
j:  555
j:  556
j:  557
j:  558
j:  559
j:  560
j:  561
j:  562
j:  563
j:  564
j:  565
j:  566
j:  567
j:  568
j:  569
j:  570
j:  571
j:  572
j:  573
j:  574
j:  575
j:  576
j:  577
j:  578
j:  579
j:  580
j:  581
j:  582
j:  583
j:  584
j:  585
j:  586
j:  587
j:  588
j:  589
j:  590
j:  591
j:  592
j:  593
j:  594
j:  595
j:  596
j:  597
j:  598
j:  599
-->Evaluation... 
loss_var:174.839 
loss_nino:22.018 
loss_com:0.461 
score:-5.566
j:  600

-->batch:600 loss_var:150.32, loss_nino:20.27, score:19.024
j:  601
j:  602
j:  603
j:  604
j:  605
j:  606
j:  607
j:  608
j:  609
j:  610
j:  611
j:  612
j:  613
j:  614
j:  615
j:  616
j:  617
j:  618
j:  619
j:  620
j:  621
j:  622
j:  623
j:  624
j:  625
j:  626
j:  627
j:  628
j:  629
j:  630
j:  631
j:  632
j:  633
j:  634
j:  635
j:  636
j:  637
j:  638
j:  639
j:  640
j:  641
j:  642
j:  643
j:  644
j:  645
j:  646
j:  647
j:  648
j:  649
j:  650
j:  651
j:  652
j:  653
j:  654
j:  655
j:  656
j:  657
j:  658
j:  659
j:  660
j:  661
j:  662
j:  663
j:  664
j:  665
j:  666
j:  667
j:  668
j:  669
j:  670
j:  671
j:  672
j:  673
j:  674
j:  675
j:  676
j:  677
j:  678
j:  679
j:  680
j:  681
j:  682
j:  683
j:  684
j:  685
j:  686
j:  687
j:  688
j:  689
j:  690
j:  691
j:  692
j:  693
j:  694
j:  695
j:  696
j:  697
j:  698
j:  699
j:  700

-->batch:700 loss_var:166.25, loss_nino:27.13, score:-8.450
j:  701
j:  702
j:  703
j:  704
j:  705
j:  706
j:  707
j:  708
j:  709
j:  710
j:  711
j:  712
j:  713
j:  714
j:  715
j:  716
j:  717
j:  718
j:  719
j:  720
j:  721
j:  722
j:  723
j:  724
j:  725
j:  726
j:  727
j:  728
j:  729
j:  730
j:  731
j:  732
j:  733
j:  734
j:  735
j:  736
j:  737
j:  738
j:  739
j:  740
j:  741
j:  742
j:  743
j:  744
j:  745
j:  746
j:  747
j:  748
j:  749
j:  750
j:  751
j:  752
j:  753
j:  754
j:  755
j:  756
j:  757
j:  758
j:  759
j:  760
j:  761
j:  762
j:  763
j:  764
j:  765
j:  766
j:  767
j:  768
j:  769
j:  770
j:  771
j:  772
j:  773
j:  774
j:  775
j:  776
j:  777
j:  778
j:  779
j:  780
j:  781
j:  782
j:  783
j:  784
j:  785
j:  786
j:  787
j:  788
j:  789
j:  790
j:  791
j:  792
j:  793
j:  794
j:  795
j:  796
j:  797
j:  798
j:  799
-->Evaluation... 
loss_var:176.191 
loss_nino:22.331 
loss_com:0.465 
score:-6.590
j:  800

-->batch:800 loss_var:169.17, loss_nino:23.67, score:33.167
j:  801
j:  802
j:  803
j:  804
j:  805
j:  806
j:  807
j:  808
j:  809
j:  810
j:  811
j:  812
j:  813
j:  814
j:  815
j:  816
j:  817
j:  818
j:  819
j:  820
j:  821
j:  822
j:  823
j:  824
j:  825
j:  826
j:  827
j:  828
j:  829
j:  830
j:  831
j:  832
j:  833
j:  834
j:  835
j:  836
j:  837
j:  838
j:  839
j:  840
j:  841
j:  842
j:  843
j:  844
j:  845
j:  846
j:  847
j:  848
j:  849
j:  850
j:  851
j:  852
j:  853
j:  854
j:  855
j:  856
j:  857
j:  858
j:  859
j:  860
j:  861
j:  862
j:  863
j:  864
j:  865
j:  866
j:  867
j:  868
j:  869
j:  870
j:  871
j:  872
j:  873
j:  874
j:  875
j:  876
j:  877
j:  878
j:  879
j:  880
j:  881
j:  882
j:  883
j:  884
j:  885
j:  886
j:  887
j:  888
j:  889
j:  890
j:  891
j:  892
j:  893
j:  894
j:  895
j:  896
j:  897
j:  898
j:  899
j:  900

-->batch:900 loss_var:155.27, loss_nino:20.91, score:6.320
j:  901
j:  902
j:  903
j:  904
j:  905
j:  906
j:  907
j:  908
j:  909
j:  910
j:  911
j:  912
j:  913
j:  914
j:  915
j:  916
j:  917
j:  918
j:  919
j:  920
j:  921
j:  922
j:  923
j:  924
j:  925
j:  926
j:  927
j:  928
j:  929
j:  930
j:  931
j:  932
j:  933
j:  934
j:  935
j:  936
j:  937
j:  938
j:  939
j:  940
j:  941
j:  942
j:  943
j:  944
j:  945
j:  946
j:  947
j:  948
j:  949
j:  950
j:  951
j:  952
j:  953
j:  954
j:  955
j:  956
j:  957
j:  958
j:  959
j:  960
j:  961
j:  962
j:  963
j:  964
j:  965
j:  966
j:  967
j:  968
j:  969
j:  970
j:  971
j:  972
j:  973
j:  974
j:  975
j:  976
j:  977
j:  978
j:  979
j:  980
j:  981
j:  982
j:  983
j:  984
j:  985
j:  986
j:  987
j:  988
j:  989
j:  990
j:  991
j:  992
j:  993
j:  994
j:  995
j:  996
j:  997
j:  998
j:  999
-->Evaluation... 
loss_var:174.287 
loss_nino:22.324 
loss_com:0.461 
score:-5.686
j:  1000

-->batch:1000 loss_var:160.02, loss_nino:21.90, score:-23.266
j:  1001
j:  1002
j:  1003
j:  1004
j:  1005
j:  1006
j:  1007
j:  1008
j:  1009
j:  1010
j:  1011
j:  1012
j:  1013
j:  1014
j:  1015
j:  1016
j:  1017
j:  1018
j:  1019
j:  1020
j:  1021
j:  1022
j:  1023
j:  1024
j:  1025
j:  1026
j:  1027
j:  1028
j:  1029
j:  1030
j:  1031
j:  1032
j:  1033
j:  1034
j:  1035
j:  1036
j:  1037
j:  1038
j:  1039
j:  1040
j:  1041
j:  1042
j:  1043
j:  1044
j:  1045
j:  1046
j:  1047
j:  1048
j:  1049
j:  1050
j:  1051
j:  1052
j:  1053
j:  1054
j:  1055
j:  1056
j:  1057
j:  1058
j:  1059
j:  1060
j:  1061
j:  1062
j:  1063
j:  1064
j:  1065
j:  1066
j:  1067
j:  1068
j:  1069
j:  1070
j:  1071
j:  1072
j:  1073
j:  1074
j:  1075
j:  1076
j:  1077
j:  1078
j:  1079
j:  1080
j:  1081
j:  1082
j:  1083
j:  1084
j:  1085
j:  1086
j:  1087
j:  1088
j:  1089
j:  1090
j:  1091
j:  1092
j:  1093
j:  1094
j:  1095
j:  1096
j:  1097
j:  1098
j:  1099
j:  1100

-->batch:1100 loss_var:160.80, loss_nino:26.10, score:8.542
j:  1101
j:  1102
j:  1103
j:  1104
j:  1105
j:  1106
j:  1107
j:  1108
j:  1109
j:  1110
j:  1111
j:  1112
j:  1113
j:  1114
j:  1115
j:  1116
j:  1117
j:  1118
j:  1119
j:  1120
j:  1121
j:  1122
j:  1123
j:  1124
j:  1125
j:  1126
j:  1127
j:  1128
j:  1129
j:  1130
j:  1131
j:  1132
j:  1133
j:  1134
j:  1135
j:  1136
j:  1137
j:  1138
j:  1139
j:  1140
j:  1141
j:  1142
j:  1143
j:  1144
j:  1145
j:  1146
j:  1147
j:  1148
j:  1149
j:  1150
j:  1151
j:  1152
j:  1153
j:  1154
j:  1155
j:  1156
j:  1157
j:  1158
j:  1159
j:  1160
j:  1161
j:  1162
j:  1163
j:  1164
j:  1165
j:  1166
j:  1167
j:  1168
j:  1169
j:  1170
j:  1171
j:  1172
j:  1173
j:  1174
j:  1175
j:  1176
j:  1177
j:  1178
j:  1179
j:  1180
j:  1181
j:  1182
j:  1183
j:  1184
j:  1185
j:  1186
j:  1187
j:  1188
j:  1189
j:  1190
j:  1191
j:  1192
j:  1193
j:  1194
j:  1195
j:  1196
j:  1197
j:  1198
j:  1199
-->Evaluation... 
loss_var:175.622 
loss_nino:22.608 
loss_com:0.463 
score:-5.929
j:  1200

-->batch:1200 loss_var:153.78, loss_nino:21.22, score:39.528
j:  1201
j:  1202
j:  1203
j:  1204
j:  1205
j:  1206
j:  1207
j:  1208
j:  1209
j:  1210
j:  1211
j:  1212
j:  1213
j:  1214
j:  1215
j:  1216
j:  1217
j:  1218
j:  1219
j:  1220
j:  1221
j:  1222
j:  1223
j:  1224
j:  1225
j:  1226
j:  1227
j:  1228
j:  1229
j:  1230
j:  1231
j:  1232
j:  1233
j:  1234
j:  1235
j:  1236
j:  1237
j:  1238
j:  1239
j:  1240
j:  1241
j:  1242
j:  1243
j:  1244
j:  1245
j:  1246
j:  1247
j:  1248
j:  1249
j:  1250
j:  1251
j:  1252
j:  1253
j:  1254
j:  1255
j:  1256
j:  1257
j:  1258
j:  1259
j:  1260
j:  1261
j:  1262
j:  1263
j:  1264
j:  1265
j:  1266
j:  1267
j:  1268
j:  1269
j:  1270
j:  1271
j:  1272
j:  1273
j:  1274
j:  1275
j:  1276
j:  1277
j:  1278
j:  1279
j:  1280
j:  1281
j:  1282
j:  1283
j:  1284
j:  1285
j:  1286
j:  1287
j:  1288
j:  1289
j:  1290
j:  1291
j:  1292
j:  1293
j:  1294
j:  1295
j:  1296
j:  1297
j:  1298
j:  1299
j:  1300

-->batch:1300 loss_var:151.53, loss_nino:19.45, score:34.528
j:  1301
j:  1302
j:  1303
j:  1304
j:  1305
j:  1306
j:  1307
j:  1308
j:  1309
j:  1310
j:  1311
j:  1312
j:  1313
j:  1314
j:  1315
j:  1316
j:  1317
j:  1318
j:  1319
j:  1320
j:  1321
j:  1322
j:  1323
j:  1324
j:  1325
j:  1326
j:  1327
j:  1328
j:  1329
j:  1330
j:  1331
j:  1332
j:  1333
j:  1334
j:  1335
j:  1336
j:  1337
j:  1338
j:  1339
j:  1340
j:  1341
j:  1342
j:  1343
j:  1344
j:  1345
j:  1346
j:  1347
j:  1348
j:  1349
j:  1350
j:  1351
j:  1352
j:  1353
j:  1354
j:  1355
j:  1356
j:  1357
j:  1358
j:  1359
j:  1360
j:  1361
j:  1362
j:  1363
j:  1364
j:  1365
j:  1366
j:  1367
j:  1368
j:  1369
j:  1370
j:  1371
j:  1372
j:  1373
j:  1374
j:  1375
j:  1376
j:  1377
j:  1378
j:  1379
j:  1380
j:  1381
j:  1382
j:  1383
j:  1384
j:  1385
j:  1386
j:  1387
j:  1388
j:  1389
j:  1390
j:  1391
j:  1392
j:  1393
j:  1394
j:  1395
j:  1396
j:  1397
j:  1398
j:  1399
-->Evaluation... 
loss_var:177.628 
loss_nino:23.821 
loss_com:0.469 
score:-7.427
j:  1400

-->batch:1400 loss_var:154.10, loss_nino:25.12, score:-0.465
j:  1401
j:  1402
j:  1403
j:  1404
j:  1405
j:  1406
j:  1407
j:  1408
j:  1409
j:  1410
j:  1411
j:  1412
j:  1413
j:  1414
j:  1415
j:  1416
j:  1417
j:  1418
j:  1419
j:  1420
j:  1421
j:  1422
j:  1423
j:  1424
j:  1425
j:  1426
j:  1427
j:  1428
j:  1429
j:  1430
j:  1431
j:  1432
j:  1433
j:  1434
j:  1435
j:  1436
j:  1437
j:  1438
j:  1439
j:  1440
j:  1441
j:  1442
j:  1443
j:  1444
j:  1445
j:  1446
j:  1447
j:  1448
j:  1449
j:  1450
j:  1451
j:  1452
j:  1453
j:  1454
j:  1455
j:  1456
j:  1457
j:  1458
j:  1459
j:  1460
j:  1461
j:  1462
j:  1463
j:  1464
j:  1465
j:  1466
j:  1467
j:  1468
j:  1469
j:  1470
j:  1471
j:  1472
j:  1473
j:  1474
j:  1475
j:  1476
j:  1477
j:  1478
j:  1479
j:  1480
j:  1481
j:  1482
j:  1483
j:  1484
j:  1485
j:  1486
j:  1487
j:  1488
j:  1489
j:  1490
j:  1491
j:  1492
j:  1493
j:  1494
j:  1495
j:  1496
j:  1497
j:  1498
j:  1499
j:  1500

-->batch:1500 loss_var:177.72, loss_nino:29.55, score:24.157
j:  1501
j:  1502
j:  1503
j:  1504
j:  1505
j:  1506
j:  1507
j:  1508
j:  1509
j:  1510
j:  1511
j:  1512
j:  1513
j:  1514
j:  1515
j:  1516
j:  1517
j:  1518
j:  1519
j:  1520
j:  1521
j:  1522
j:  1523
j:  1524
j:  1525
j:  1526
j:  1527
j:  1528
j:  1529
j:  1530
j:  1531
j:  1532
j:  1533
j:  1534
j:  1535
j:  1536
j:  1537
j:  1538
j:  1539
j:  1540
j:  1541
j:  1542
j:  1543
j:  1544
j:  1545
j:  1546
j:  1547
j:  1548
j:  1549
j:  1550
j:  1551
j:  1552
j:  1553
j:  1554
j:  1555
j:  1556
j:  1557
j:  1558
j:  1559
j:  1560
j:  1561
j:  1562
j:  1563
j:  1564
j:  1565
j:  1566
j:  1567
j:  1568
j:  1569
j:  1570
j:  1571
j:  1572
j:  1573
j:  1574
j:  1575
j:  1576
j:  1577
j:  1578
j:  1579
j:  1580
j:  1581
j:  1582
j:  1583
j:  1584
j:  1585
j:  1586
j:  1587
j:  1588
j:  1589
j:  1590
j:  1591
j:  1592
j:  1593
j:  1594
j:  1595
j:  1596
j:  1597
j:  1598
j:  1599
-->Evaluation... 
loss_var:180.411 
loss_nino:26.222 
loss_com:0.477 
score:-11.790
j:  1600

-->batch:1600 loss_var:149.87, loss_nino:18.59, score:39.744
j:  1601
j:  1602
j:  1603
j:  1604
j:  1605
j:  1606
j:  1607
j:  1608
j:  1609
j:  1610
j:  1611
j:  1612
j:  1613
j:  1614
j:  1615
j:  1616
j:  1617
j:  1618
j:  1619
j:  1620
j:  1621
j:  1622
j:  1623
j:  1624

-->epoch5 end... 
loss_var:172.264 
loss_nino:21.748 
loss_com:0.455 
score: -5.044

sc is not increase for 3 epoch
================================================================================

-->epoch: 6
j:  0

-->batch:0 loss_var:155.92, loss_nino:22.49, score:41.093
j:  1
j:  2
j:  3
j:  4
j:  5
j:  6
j:  7
j:  8
j:  9
j:  10
j:  11
j:  12
j:  13
j:  14
j:  15
j:  16
j:  17
j:  18
j:  19
j:  20
j:  21
j:  22
j:  23
j:  24
j:  25
j:  26
j:  27
j:  28
j:  29
j:  30
j:  31
j:  32
j:  33
j:  34
j:  35
j:  36
j:  37
j:  38
j:  39
j:  40
j:  41
j:  42
j:  43
j:  44
j:  45
j:  46
j:  47
j:  48
j:  49
j:  50
j:  51
j:  52
j:  53
j:  54
j:  55
j:  56
j:  57
j:  58
j:  59
j:  60
j:  61
j:  62
j:  63
j:  64
j:  65
j:  66
j:  67
j:  68
j:  69
j:  70
j:  71
j:  72
j:  73
j:  74
j:  75
j:  76
j:  77
j:  78
j:  79
j:  80
j:  81
j:  82
j:  83
j:  84
j:  85
j:  86
j:  87
j:  88
j:  89
j:  90
j:  91
j:  92
j:  93
j:  94
j:  95
j:  96
j:  97
j:  98
j:  99
j:  100

-->batch:100 loss_var:152.63, loss_nino:20.30, score:3.903
j:  101
j:  102
j:  103
j:  104
j:  105
j:  106
j:  107
j:  108
j:  109
j:  110
j:  111
j:  112
j:  113
j:  114
j:  115
j:  116
j:  117
j:  118
j:  119
j:  120
j:  121
j:  122
j:  123
j:  124
j:  125
j:  126
j:  127
j:  128
j:  129
j:  130
j:  131
j:  132
j:  133
j:  134
j:  135
j:  136
j:  137
j:  138
j:  139
j:  140
j:  141
j:  142
j:  143
j:  144
j:  145
j:  146
j:  147
j:  148
j:  149
j:  150
j:  151
j:  152
j:  153
j:  154
j:  155
j:  156
j:  157
j:  158
j:  159
j:  160
j:  161
j:  162
j:  163
j:  164
j:  165
j:  166
j:  167
j:  168
j:  169
j:  170
j:  171
j:  172
j:  173
j:  174
j:  175
j:  176
j:  177
j:  178
j:  179
j:  180
j:  181
j:  182
j:  183
j:  184
j:  185
j:  186
j:  187
j:  188
j:  189
j:  190
j:  191
j:  192
j:  193
j:  194
j:  195
j:  196
j:  197
j:  198
j:  199
-->Evaluation... 
loss_var:176.309 
loss_nino:22.930 
loss_com:0.465 
score:-4.835
j:  200

-->batch:200 loss_var:167.20, loss_nino:27.78, score:37.143
j:  201
j:  202
j:  203
j:  204
j:  205
j:  206
j:  207
j:  208
j:  209
j:  210
j:  211
j:  212
j:  213
j:  214
j:  215
j:  216
j:  217
j:  218
j:  219
j:  220
j:  221
j:  222
j:  223
j:  224
j:  225
j:  226
j:  227
j:  228
j:  229
j:  230
j:  231
j:  232
j:  233
j:  234
j:  235
j:  236
j:  237
j:  238
j:  239
j:  240
j:  241
j:  242
j:  243
j:  244
j:  245
j:  246
j:  247
j:  248
j:  249
j:  250
j:  251
j:  252
j:  253
j:  254
j:  255
j:  256
j:  257
j:  258
j:  259
j:  260
j:  261
j:  262
j:  263
j:  264
j:  265
j:  266
j:  267
j:  268
j:  269
j:  270
j:  271
j:  272
j:  273
j:  274
j:  275
j:  276
j:  277
j:  278
j:  279
j:  280
j:  281
j:  282
j:  283
j:  284
j:  285
j:  286
j:  287
j:  288
j:  289
j:  290
j:  291
j:  292
j:  293
j:  294
j:  295
j:  296
j:  297
j:  298
j:  299
j:  300

-->batch:300 loss_var:146.54, loss_nino:16.04, score:46.124
j:  301
j:  302
j:  303
j:  304
j:  305
j:  306
j:  307
j:  308
j:  309
j:  310
j:  311
j:  312
j:  313
j:  314
j:  315
j:  316
j:  317
j:  318
j:  319
j:  320
j:  321
j:  322
j:  323
j:  324
j:  325
j:  326
j:  327
j:  328
j:  329
j:  330
j:  331
j:  332
j:  333
j:  334
j:  335
j:  336
j:  337
j:  338
j:  339
j:  340
j:  341
j:  342
j:  343
j:  344
j:  345
j:  346
j:  347
j:  348
j:  349
j:  350
j:  351
j:  352
j:  353
j:  354
j:  355
j:  356
j:  357
j:  358
j:  359
j:  360
j:  361
j:  362
j:  363
j:  364
j:  365
j:  366
j:  367
j:  368
j:  369
j:  370
j:  371
j:  372
j:  373
j:  374
j:  375
j:  376
j:  377
j:  378
j:  379
j:  380
j:  381
j:  382
j:  383
j:  384
j:  385
j:  386
j:  387
j:  388
j:  389
j:  390
j:  391
j:  392
j:  393
j:  394
j:  395
j:  396
j:  397
j:  398
j:  399
-->Evaluation... 
loss_var:178.050 
loss_nino:23.205 
loss_com:0.469 
score:-3.330
j:  400

-->batch:400 loss_var:154.69, loss_nino:19.47, score:16.912
j:  401
j:  402
j:  403
j:  404
j:  405
j:  406
j:  407
j:  408
j:  409
j:  410
j:  411
j:  412
j:  413
j:  414
j:  415
j:  416
j:  417
j:  418
j:  419
j:  420
j:  421
j:  422
j:  423
j:  424
j:  425
j:  426
j:  427
j:  428
j:  429
j:  430
j:  431
j:  432
j:  433
j:  434
j:  435
j:  436
j:  437
j:  438
j:  439
j:  440
j:  441
j:  442
j:  443
j:  444
j:  445
j:  446
j:  447
j:  448
j:  449
j:  450
j:  451
j:  452
j:  453
j:  454
j:  455
j:  456
j:  457
j:  458
j:  459
j:  460
j:  461
j:  462
j:  463
j:  464
j:  465
j:  466
j:  467
j:  468
j:  469
j:  470
j:  471
j:  472
j:  473
j:  474
j:  475
j:  476
j:  477
j:  478
j:  479
j:  480
j:  481
j:  482
j:  483
j:  484
j:  485
j:  486
j:  487
j:  488
j:  489
j:  490
j:  491
j:  492
j:  493
j:  494
j:  495
j:  496
j:  497
j:  498
j:  499
j:  500

-->batch:500 loss_var:142.66, loss_nino:19.50, score:23.249
j:  501
j:  502
j:  503
j:  504
j:  505
j:  506
j:  507
j:  508
j:  509
j:  510
j:  511
j:  512
j:  513
j:  514
j:  515
j:  516
j:  517
j:  518
j:  519
j:  520
j:  521
j:  522
j:  523
j:  524
j:  525
j:  526
j:  527
j:  528
j:  529
j:  530
j:  531
j:  532
j:  533
j:  534
j:  535
j:  536
j:  537
j:  538
j:  539
j:  540
j:  541
j:  542
j:  543
j:  544
j:  545
j:  546
j:  547
j:  548
j:  549
j:  550
j:  551
j:  552
j:  553
j:  554
j:  555
j:  556
j:  557
j:  558
j:  559
j:  560
j:  561
j:  562
j:  563
j:  564
j:  565
j:  566
j:  567
j:  568
j:  569
j:  570
j:  571
j:  572
j:  573
j:  574
j:  575
j:  576
j:  577
j:  578
j:  579
j:  580
j:  581
j:  582
j:  583
j:  584
j:  585
j:  586
j:  587
j:  588
j:  589
j:  590
j:  591
j:  592
j:  593
j:  594
j:  595
j:  596
j:  597
j:  598
j:  599
-->Evaluation... 
loss_var:173.155 
loss_nino:21.605 
loss_com:0.457 
score:-4.760
j:  600

-->batch:600 loss_var:160.39, loss_nino:19.95, score:30.437
j:  601
j:  602
j:  603
j:  604
j:  605
j:  606
j:  607
j:  608
j:  609
j:  610
j:  611
j:  612
j:  613
j:  614
j:  615
j:  616
j:  617
j:  618
j:  619
j:  620
j:  621
j:  622
j:  623
j:  624
j:  625
j:  626
j:  627
j:  628
j:  629
j:  630
j:  631
j:  632
j:  633
j:  634
j:  635
j:  636
j:  637
j:  638
j:  639
j:  640
j:  641
j:  642
j:  643
j:  644
j:  645
j:  646
j:  647
j:  648
j:  649
j:  650
j:  651
j:  652
j:  653
j:  654
j:  655
j:  656
j:  657
j:  658
j:  659
j:  660
j:  661
j:  662
j:  663
j:  664
j:  665
j:  666
j:  667
j:  668
j:  669
j:  670
j:  671
j:  672
j:  673
j:  674
j:  675
j:  676
j:  677
j:  678
j:  679
j:  680
j:  681
j:  682
j:  683
j:  684
j:  685
j:  686
j:  687
j:  688
j:  689
j:  690
j:  691
j:  692
j:  693
j:  694
j:  695
j:  696
j:  697
j:  698
j:  699
j:  700

-->batch:700 loss_var:176.41, loss_nino:30.38, score:-0.948
j:  701
j:  702
j:  703
j:  704
j:  705
j:  706
j:  707
j:  708
j:  709
j:  710
j:  711
j:  712
j:  713
j:  714
j:  715
j:  716
j:  717
j:  718
j:  719
j:  720
j:  721
j:  722
j:  723
j:  724
j:  725
j:  726
j:  727
j:  728
j:  729
j:  730
j:  731
j:  732
j:  733
j:  734
j:  735
j:  736
j:  737
j:  738
j:  739
j:  740
j:  741
j:  742
j:  743
j:  744
j:  745
j:  746
j:  747
j:  748
j:  749
j:  750
j:  751
j:  752
j:  753
j:  754
j:  755
j:  756
j:  757
j:  758
j:  759
j:  760
j:  761
j:  762
j:  763
j:  764
j:  765
j:  766
j:  767
j:  768
j:  769
j:  770
j:  771
j:  772
j:  773
j:  774
j:  775
j:  776
j:  777
j:  778
j:  779
j:  780
j:  781
j:  782
j:  783
j:  784
j:  785
j:  786
j:  787
j:  788
j:  789
j:  790
j:  791
j:  792
j:  793
j:  794
j:  795
j:  796
j:  797
j:  798
j:  799
-->Evaluation... 
loss_var:171.192 
loss_nino:20.170 
loss_com:0.450 
score:-0.884
j:  800

-->batch:800 loss_var:165.16, loss_nino:25.89, score:18.153
j:  801
j:  802
j:  803
j:  804
j:  805
j:  806
j:  807
j:  808
j:  809
j:  810
j:  811
j:  812
j:  813
j:  814
j:  815
j:  816
j:  817
j:  818
j:  819
j:  820
j:  821
j:  822
j:  823
j:  824
j:  825
j:  826
j:  827
j:  828
j:  829
j:  830
j:  831
j:  832
j:  833
j:  834
j:  835
j:  836
j:  837
j:  838
j:  839
j:  840
j:  841
j:  842
j:  843
j:  844
j:  845
j:  846
j:  847
j:  848
j:  849
j:  850
j:  851
j:  852
j:  853
j:  854
j:  855
j:  856
j:  857
j:  858
j:  859
j:  860
j:  861
j:  862
j:  863
j:  864
j:  865
j:  866
j:  867
j:  868
j:  869
j:  870
j:  871
j:  872
j:  873
j:  874
j:  875
j:  876
j:  877
j:  878
j:  879
j:  880
j:  881
j:  882
j:  883
j:  884
j:  885
j:  886
j:  887
j:  888
j:  889
j:  890
j:  891
j:  892
j:  893
j:  894
j:  895
j:  896
j:  897
j:  898
j:  899
j:  900

-->batch:900 loss_var:157.56, loss_nino:24.50, score:-8.267
j:  901
j:  902
j:  903
j:  904
j:  905
j:  906
j:  907
j:  908
j:  909
j:  910
j:  911
j:  912
j:  913
j:  914
j:  915
j:  916
j:  917
j:  918
j:  919
j:  920
j:  921
j:  922
j:  923
j:  924
j:  925
j:  926
j:  927
j:  928
j:  929
j:  930
j:  931
j:  932
j:  933
j:  934
j:  935
j:  936
j:  937
j:  938
j:  939
j:  940
j:  941
j:  942
j:  943
j:  944
j:  945
j:  946
j:  947
j:  948
j:  949
j:  950
j:  951
j:  952
j:  953
j:  954
j:  955
j:  956
j:  957
j:  958
j:  959
j:  960
j:  961
j:  962
j:  963
j:  964
j:  965
j:  966
j:  967
j:  968
j:  969
j:  970
j:  971
j:  972
j:  973
j:  974
j:  975
j:  976
j:  977
j:  978
j:  979
j:  980
j:  981
j:  982
j:  983
j:  984
j:  985
j:  986
j:  987
j:  988
j:  989
j:  990
j:  991
j:  992
j:  993
j:  994
j:  995
j:  996
j:  997
j:  998
j:  999
-->Evaluation... 
loss_var:172.269 
loss_nino:20.782 
loss_com:0.454 
score:-0.555
j:  1000

-->batch:1000 loss_var:149.33, loss_nino:15.04, score:31.815
j:  1001
j:  1002
j:  1003
j:  1004
j:  1005
j:  1006
j:  1007
j:  1008
j:  1009
j:  1010
j:  1011
j:  1012
j:  1013
j:  1014
j:  1015
j:  1016
j:  1017
j:  1018
j:  1019
j:  1020
j:  1021
j:  1022
j:  1023
j:  1024
j:  1025
j:  1026
j:  1027
j:  1028
j:  1029
j:  1030
j:  1031
j:  1032
j:  1033
j:  1034
j:  1035
j:  1036
j:  1037
j:  1038
j:  1039
j:  1040
j:  1041
j:  1042
j:  1043
j:  1044
j:  1045
j:  1046
j:  1047
j:  1048
j:  1049
j:  1050
j:  1051
j:  1052
j:  1053
j:  1054
j:  1055
j:  1056
j:  1057
j:  1058
j:  1059
j:  1060
j:  1061
j:  1062
j:  1063
j:  1064
j:  1065
j:  1066
j:  1067
j:  1068
j:  1069
j:  1070
j:  1071
j:  1072
j:  1073
j:  1074
j:  1075
j:  1076
j:  1077
j:  1078
j:  1079
j:  1080
j:  1081
j:  1082
j:  1083
j:  1084
j:  1085
j:  1086
j:  1087
j:  1088
j:  1089
j:  1090
j:  1091
j:  1092
j:  1093
j:  1094
j:  1095
j:  1096
j:  1097
j:  1098
j:  1099
j:  1100

-->batch:1100 loss_var:150.19, loss_nino:19.51, score:37.107
j:  1101
j:  1102
j:  1103
j:  1104
j:  1105
j:  1106
j:  1107
j:  1108
j:  1109
j:  1110
j:  1111
j:  1112
j:  1113
j:  1114
j:  1115
j:  1116
j:  1117
j:  1118
j:  1119
j:  1120
j:  1121
j:  1122
j:  1123
j:  1124
j:  1125
j:  1126
j:  1127
j:  1128
j:  1129
j:  1130
j:  1131
j:  1132
j:  1133
j:  1134
j:  1135
j:  1136
j:  1137
j:  1138
j:  1139
j:  1140
j:  1141
j:  1142
j:  1143
j:  1144
j:  1145
j:  1146
j:  1147
j:  1148
j:  1149
j:  1150
j:  1151
j:  1152
j:  1153
j:  1154
j:  1155
j:  1156
j:  1157
j:  1158
j:  1159
j:  1160
j:  1161
j:  1162
j:  1163
j:  1164
j:  1165
j:  1166
j:  1167
j:  1168
j:  1169
j:  1170
j:  1171
j:  1172
j:  1173
j:  1174
j:  1175
j:  1176
j:  1177
j:  1178
j:  1179
j:  1180
j:  1181
j:  1182
j:  1183
j:  1184
j:  1185
j:  1186
j:  1187
j:  1188
j:  1189
j:  1190
j:  1191
j:  1192
j:  1193
j:  1194
j:  1195
j:  1196
j:  1197
j:  1198
j:  1199
-->Evaluation... 
loss_var:178.375 
loss_nino:23.319 
loss_com:0.471 
score:-4.732
j:  1200

-->batch:1200 loss_var:162.19, loss_nino:19.70, score:33.491
j:  1201
j:  1202
j:  1203
j:  1204
j:  1205
j:  1206
j:  1207
j:  1208
j:  1209
j:  1210
j:  1211
j:  1212
j:  1213
j:  1214
j:  1215
j:  1216
j:  1217
j:  1218
j:  1219
j:  1220
j:  1221
j:  1222
j:  1223
j:  1224
j:  1225
j:  1226
j:  1227
j:  1228
j:  1229
j:  1230
j:  1231
j:  1232
j:  1233
j:  1234
j:  1235
j:  1236
j:  1237
j:  1238
j:  1239
j:  1240
j:  1241
j:  1242
j:  1243
j:  1244
j:  1245
j:  1246
j:  1247
j:  1248
j:  1249
j:  1250
j:  1251
j:  1252
j:  1253
j:  1254
j:  1255
j:  1256
j:  1257
j:  1258
j:  1259
j:  1260
j:  1261
j:  1262
j:  1263
j:  1264
j:  1265
j:  1266
j:  1267
j:  1268
j:  1269
j:  1270
j:  1271
j:  1272
j:  1273
j:  1274
j:  1275
j:  1276
j:  1277
j:  1278
j:  1279
j:  1280
j:  1281
j:  1282
j:  1283
j:  1284
j:  1285
j:  1286
j:  1287
j:  1288
j:  1289
j:  1290
j:  1291
j:  1292
j:  1293
j:  1294
j:  1295
j:  1296
j:  1297
j:  1298
j:  1299
j:  1300

-->batch:1300 loss_var:153.58, loss_nino:15.92, score:23.041
j:  1301
j:  1302
j:  1303
j:  1304
j:  1305
j:  1306
j:  1307
j:  1308
j:  1309
j:  1310
j:  1311
j:  1312
j:  1313
j:  1314
j:  1315
j:  1316
j:  1317
j:  1318
j:  1319
j:  1320
j:  1321
j:  1322
j:  1323
j:  1324
j:  1325
j:  1326
j:  1327
j:  1328
j:  1329
j:  1330
j:  1331
j:  1332
j:  1333
j:  1334
j:  1335
j:  1336
j:  1337
j:  1338
j:  1339
j:  1340
j:  1341
j:  1342
j:  1343
j:  1344
j:  1345
j:  1346
j:  1347
j:  1348
j:  1349
j:  1350
j:  1351
j:  1352
j:  1353
j:  1354
j:  1355
j:  1356
j:  1357
j:  1358
j:  1359
j:  1360
j:  1361
j:  1362
j:  1363
j:  1364
j:  1365
j:  1366
j:  1367
j:  1368
j:  1369
j:  1370
j:  1371
j:  1372
j:  1373
j:  1374
j:  1375
j:  1376
j:  1377
j:  1378
j:  1379
j:  1380
j:  1381
j:  1382
j:  1383
j:  1384
j:  1385
j:  1386
j:  1387
j:  1388
j:  1389
j:  1390
j:  1391
j:  1392
j:  1393
j:  1394
j:  1395
j:  1396
j:  1397
j:  1398
j:  1399
-->Evaluation... 
loss_var:172.453 
loss_nino:21.071 
loss_com:0.455 
score:-1.564
j:  1400

-->batch:1400 loss_var:142.90, loss_nino:16.19, score:40.095
j:  1401
j:  1402
j:  1403
j:  1404
j:  1405
j:  1406
j:  1407
j:  1408
j:  1409
j:  1410
j:  1411
j:  1412
j:  1413
j:  1414
j:  1415
j:  1416
j:  1417
j:  1418
j:  1419
j:  1420
j:  1421
j:  1422
j:  1423
j:  1424
j:  1425
j:  1426
j:  1427
j:  1428
j:  1429
j:  1430
j:  1431
j:  1432
j:  1433
j:  1434
j:  1435
j:  1436
j:  1437
j:  1438
j:  1439
j:  1440
j:  1441
j:  1442
j:  1443
j:  1444
j:  1445
j:  1446
j:  1447
j:  1448
j:  1449
j:  1450
j:  1451
j:  1452
j:  1453
j:  1454
j:  1455
j:  1456
j:  1457
j:  1458
j:  1459
j:  1460
j:  1461
j:  1462
j:  1463
j:  1464
j:  1465
j:  1466
j:  1467
j:  1468
j:  1469
j:  1470
j:  1471
j:  1472
j:  1473
j:  1474
j:  1475
j:  1476
j:  1477
j:  1478
j:  1479
j:  1480
j:  1481
j:  1482
j:  1483
j:  1484
j:  1485
j:  1486
j:  1487
j:  1488
j:  1489
j:  1490
j:  1491
j:  1492
j:  1493
j:  1494
j:  1495
j:  1496
j:  1497
j:  1498
j:  1499
j:  1500

-->batch:1500 loss_var:163.39, loss_nino:25.36, score:12.155
j:  1501
j:  1502
j:  1503
j:  1504
j:  1505
j:  1506
j:  1507
j:  1508
j:  1509
j:  1510
j:  1511
j:  1512
j:  1513
j:  1514
j:  1515
j:  1516
j:  1517
j:  1518
j:  1519
j:  1520
j:  1521
j:  1522
j:  1523
j:  1524
j:  1525
j:  1526
j:  1527
j:  1528
j:  1529
j:  1530
j:  1531
j:  1532
j:  1533
j:  1534
j:  1535
j:  1536
j:  1537
j:  1538
j:  1539
j:  1540
j:  1541
j:  1542
j:  1543
j:  1544
j:  1545
j:  1546
j:  1547
j:  1548
j:  1549
j:  1550
j:  1551
j:  1552
j:  1553
j:  1554
j:  1555
j:  1556
j:  1557
j:  1558
j:  1559
j:  1560
j:  1561
j:  1562
j:  1563
j:  1564
j:  1565
j:  1566
j:  1567
j:  1568
j:  1569
j:  1570
j:  1571
j:  1572
j:  1573
j:  1574
j:  1575
j:  1576
j:  1577
j:  1578
j:  1579
j:  1580
j:  1581
j:  1582
j:  1583
j:  1584
j:  1585
j:  1586
j:  1587
j:  1588
j:  1589
j:  1590
j:  1591
j:  1592
j:  1593
j:  1594
j:  1595
j:  1596
j:  1597
j:  1598
j:  1599
-->Evaluation... 
loss_var:171.765 
loss_nino:20.699 
loss_com:0.452 
score:0.942

saving model...
j:  1600

-->batch:1600 loss_var:153.55, loss_nino:22.36, score:18.792
j:  1601
j:  1602
j:  1603
j:  1604
j:  1605
j:  1606
j:  1607
j:  1608
j:  1609
j:  1610
j:  1611
j:  1612
j:  1613
j:  1614
j:  1615
j:  1616
j:  1617
j:  1618
j:  1619
j:  1620
j:  1621
j:  1622
j:  1623
j:  1624

-->epoch6 end... 
loss_var:171.496 
loss_nino:20.940 
loss_com:0.451 
score: -3.380

sc is not increase for 1 epoch
================================================================================

-->epoch: 7
j:  0

-->batch:0 loss_var:162.04, loss_nino:21.76, score:6.235
j:  1
j:  2
j:  3
j:  4
j:  5
j:  6
j:  7
j:  8
j:  9
j:  10
j:  11
j:  12
j:  13
j:  14
j:  15
j:  16
j:  17
j:  18
j:  19
j:  20
j:  21
j:  22
j:  23
j:  24
j:  25
j:  26
j:  27
j:  28
j:  29
j:  30
j:  31
j:  32
j:  33
j:  34
j:  35
j:  36
j:  37
j:  38
j:  39
j:  40
j:  41
j:  42
j:  43
j:  44
j:  45
j:  46
j:  47
j:  48
j:  49
j:  50
j:  51
j:  52
j:  53
j:  54
j:  55
j:  56
j:  57
j:  58
j:  59
j:  60
j:  61
j:  62
j:  63
j:  64
j:  65
j:  66
j:  67
j:  68
j:  69
j:  70
j:  71
j:  72
j:  73
j:  74
j:  75
j:  76
j:  77
j:  78
j:  79
j:  80
j:  81
j:  82
j:  83
j:  84
j:  85
j:  86
j:  87
j:  88
j:  89
j:  90
j:  91
j:  92
j:  93
j:  94
j:  95
j:  96
j:  97
j:  98
j:  99
j:  100

-->batch:100 loss_var:159.39, loss_nino:23.36, score:6.398
j:  101
j:  102
j:  103
j:  104
j:  105
j:  106
j:  107
j:  108
j:  109
j:  110
j:  111
j:  112
j:  113
j:  114
j:  115
j:  116
j:  117
j:  118
j:  119
j:  120
j:  121
j:  122
j:  123
j:  124
j:  125
j:  126
j:  127
j:  128
j:  129
j:  130
j:  131
j:  132
j:  133
j:  134
j:  135
j:  136
j:  137
j:  138
j:  139
j:  140
j:  141
j:  142
j:  143
j:  144
j:  145
j:  146
j:  147
j:  148
j:  149
j:  150
j:  151
j:  152
j:  153
j:  154
j:  155
j:  156
j:  157
j:  158
j:  159
j:  160
j:  161
j:  162
j:  163
j:  164
j:  165
j:  166
j:  167
j:  168
j:  169
j:  170
j:  171
j:  172
j:  173
j:  174
j:  175
j:  176
j:  177
j:  178
j:  179
j:  180
j:  181
j:  182
j:  183
j:  184
j:  185
j:  186
j:  187
j:  188
j:  189
j:  190
j:  191
j:  192
j:  193
j:  194
j:  195
j:  196
j:  197
j:  198
j:  199
-->Evaluation... 
loss_var:176.529 
loss_nino:23.932 
loss_com:0.466 
score:-4.081
j:  200

-->batch:200 loss_var:166.33, loss_nino:28.39, score:-6.715
j:  201
j:  202
j:  203
j:  204
j:  205
j:  206
j:  207
j:  208
j:  209
j:  210
j:  211
j:  212
j:  213
j:  214
j:  215
j:  216
j:  217
j:  218
j:  219
j:  220
j:  221
j:  222
j:  223
j:  224
j:  225
j:  226
j:  227
j:  228
j:  229
j:  230
j:  231
j:  232
j:  233
j:  234
j:  235
j:  236
j:  237
j:  238
j:  239
j:  240
j:  241
j:  242
j:  243
j:  244
j:  245
j:  246
j:  247
j:  248
j:  249
j:  250
j:  251
j:  252
j:  253
j:  254
j:  255
j:  256
j:  257
j:  258
j:  259
j:  260
j:  261
j:  262
j:  263
j:  264
j:  265
j:  266
j:  267
j:  268
j:  269
j:  270
j:  271
j:  272
j:  273
j:  274
j:  275
j:  276
j:  277
j:  278
j:  279
j:  280
j:  281
j:  282
j:  283
j:  284
j:  285
j:  286
j:  287
j:  288
j:  289
j:  290
j:  291
j:  292
j:  293
j:  294
j:  295
j:  296
j:  297
j:  298
j:  299
j:  300

-->batch:300 loss_var:137.87, loss_nino:17.77, score:23.369
j:  301
j:  302
j:  303
j:  304
j:  305
j:  306
j:  307
j:  308
j:  309
j:  310
j:  311
j:  312
j:  313
j:  314
j:  315
j:  316
j:  317
j:  318
j:  319
j:  320
j:  321
j:  322
j:  323
j:  324
j:  325
j:  326
j:  327
j:  328
j:  329
j:  330
j:  331
j:  332
j:  333
j:  334
j:  335
j:  336
j:  337
j:  338
j:  339
j:  340
j:  341
j:  342
j:  343
j:  344
j:  345
j:  346
j:  347
j:  348
j:  349
j:  350
j:  351
j:  352
j:  353
j:  354
j:  355
j:  356
j:  357
j:  358
j:  359
j:  360
j:  361
j:  362
j:  363
j:  364
j:  365
j:  366
j:  367
j:  368
j:  369
j:  370
j:  371
j:  372
j:  373
j:  374
j:  375
j:  376
j:  377
j:  378
j:  379
j:  380
j:  381
j:  382
j:  383
j:  384
j:  385
j:  386
j:  387
j:  388
j:  389
j:  390
j:  391
j:  392
j:  393
j:  394
j:  395
j:  396
j:  397
j:  398
j:  399
-->Evaluation... 
loss_var:172.247 
loss_nino:21.624 
loss_com:0.455 
score:-3.177
j:  400

-->batch:400 loss_var:148.61, loss_nino:17.48, score:47.141
j:  401
j:  402
j:  403
j:  404
j:  405
j:  406
j:  407
j:  408
j:  409
j:  410
j:  411
j:  412
j:  413
j:  414
j:  415
j:  416
j:  417
j:  418
j:  419
j:  420
j:  421
j:  422
j:  423
j:  424
j:  425
j:  426
j:  427
j:  428
j:  429
j:  430
j:  431
j:  432
j:  433
j:  434
j:  435
j:  436
j:  437
j:  438
j:  439
j:  440
j:  441
j:  442
j:  443
j:  444
j:  445
j:  446
j:  447
j:  448
j:  449
j:  450
j:  451
j:  452
j:  453
j:  454
j:  455
j:  456
j:  457
j:  458
j:  459
j:  460
j:  461
j:  462
j:  463
j:  464
j:  465
j:  466
j:  467
j:  468
j:  469
j:  470
j:  471
j:  472
j:  473
j:  474
j:  475
j:  476
j:  477
j:  478
j:  479
j:  480
j:  481
j:  482
j:  483
j:  484
j:  485
j:  486
j:  487
j:  488
j:  489
j:  490
j:  491
j:  492
j:  493
j:  494
j:  495
j:  496
j:  497
j:  498
j:  499
j:  500

-->batch:500 loss_var:169.02, loss_nino:25.92, score:21.718
j:  501
j:  502
j:  503
j:  504
j:  505
j:  506
j:  507
j:  508
j:  509
j:  510
j:  511
j:  512
j:  513
j:  514
j:  515
j:  516
j:  517
j:  518
j:  519
j:  520
j:  521
j:  522
j:  523
j:  524
j:  525
j:  526
j:  527
j:  528
j:  529
j:  530
j:  531
j:  532
j:  533
j:  534
j:  535
j:  536
j:  537
j:  538
j:  539
j:  540
j:  541
j:  542
j:  543
j:  544
j:  545
j:  546
j:  547
j:  548
j:  549
j:  550
j:  551
j:  552
j:  553
j:  554
j:  555
j:  556
j:  557
j:  558
j:  559
j:  560
j:  561
j:  562
j:  563
j:  564
j:  565
j:  566
j:  567
j:  568
j:  569
j:  570
j:  571
j:  572
j:  573
j:  574
j:  575
j:  576
j:  577
j:  578
j:  579
j:  580
j:  581
j:  582
j:  583
j:  584
j:  585
j:  586
j:  587
j:  588
j:  589
j:  590
j:  591
j:  592
j:  593
j:  594
j:  595
j:  596
j:  597
j:  598
j:  599
-->Evaluation... 
loss_var:174.902 
loss_nino:23.141 
loss_com:0.462 
score:-4.126
j:  600

-->batch:600 loss_var:152.20, loss_nino:23.53, score:3.553
j:  601
j:  602
j:  603
j:  604
j:  605
j:  606
j:  607
j:  608
j:  609
j:  610
j:  611
j:  612
j:  613
j:  614
j:  615
j:  616
j:  617
j:  618
j:  619
j:  620
j:  621
j:  622
j:  623
j:  624
j:  625
j:  626
j:  627
j:  628
j:  629
j:  630
j:  631
j:  632
j:  633
j:  634
j:  635
j:  636
j:  637
j:  638
j:  639
j:  640
j:  641
j:  642
j:  643
j:  644
j:  645
j:  646
j:  647
j:  648
j:  649
j:  650
j:  651
j:  652
j:  653
j:  654
j:  655
j:  656
j:  657
j:  658
j:  659
j:  660
j:  661
j:  662
j:  663
j:  664
j:  665
j:  666
j:  667
j:  668
j:  669
j:  670
j:  671
j:  672
j:  673
j:  674
j:  675
j:  676
j:  677
j:  678
j:  679
j:  680
j:  681
j:  682
j:  683
j:  684
j:  685
j:  686
j:  687
j:  688
j:  689
j:  690
j:  691
j:  692
j:  693
j:  694
j:  695
j:  696
j:  697
j:  698
j:  699
j:  700

-->batch:700 loss_var:164.32, loss_nino:22.90, score:27.670
j:  701
j:  702
j:  703
j:  704
j:  705
j:  706
j:  707
j:  708
j:  709
j:  710
j:  711
j:  712
j:  713
j:  714
j:  715
j:  716
j:  717
j:  718
j:  719
j:  720
j:  721
j:  722
j:  723
j:  724
j:  725
j:  726
j:  727
j:  728
j:  729
j:  730
j:  731
j:  732
j:  733
j:  734
j:  735
j:  736
j:  737
j:  738
j:  739
j:  740
j:  741
j:  742
j:  743
j:  744
j:  745
j:  746
j:  747
j:  748
j:  749
j:  750
j:  751
j:  752
j:  753
j:  754
j:  755
j:  756
j:  757
j:  758
j:  759
j:  760
j:  761
j:  762
j:  763
j:  764
j:  765
j:  766
j:  767
j:  768
j:  769
j:  770
j:  771
j:  772
j:  773
j:  774
j:  775
j:  776
j:  777
j:  778
j:  779
j:  780
j:  781
j:  782
j:  783
j:  784
j:  785
j:  786
j:  787
j:  788
j:  789
j:  790
j:  791
j:  792
j:  793
j:  794
j:  795
j:  796
j:  797
j:  798
j:  799
-->Evaluation... 
loss_var:175.059 
loss_nino:21.522 
loss_com:0.460 
score:-4.237
j:  800

-->batch:800 loss_var:162.29, loss_nino:25.36, score:25.314
j:  801
j:  802
j:  803
j:  804
j:  805
j:  806
j:  807
j:  808
j:  809
j:  810
j:  811
j:  812
j:  813
j:  814
j:  815
j:  816
j:  817
j:  818
j:  819
j:  820
j:  821
j:  822
j:  823
j:  824
j:  825
j:  826
j:  827
j:  828
j:  829
j:  830
j:  831
j:  832
j:  833
j:  834
j:  835
j:  836
j:  837
j:  838
j:  839
j:  840
j:  841
j:  842
j:  843
j:  844
j:  845
j:  846
j:  847
j:  848
j:  849
j:  850
j:  851
j:  852
j:  853
j:  854
j:  855
j:  856
j:  857
j:  858
j:  859
j:  860
j:  861
j:  862
j:  863
j:  864
j:  865
j:  866
j:  867
j:  868
j:  869
j:  870
j:  871
j:  872
j:  873
j:  874
j:  875
j:  876
j:  877
j:  878
j:  879
j:  880
j:  881
j:  882
j:  883
j:  884
j:  885
j:  886
j:  887
j:  888
j:  889
j:  890
j:  891
j:  892
j:  893
j:  894
j:  895
j:  896
j:  897
j:  898
j:  899
j:  900

-->batch:900 loss_var:150.38, loss_nino:21.31, score:23.031
j:  901
j:  902
j:  903
j:  904
j:  905
j:  906
j:  907
j:  908
j:  909
j:  910
j:  911
j:  912
j:  913
j:  914
j:  915
j:  916
j:  917
j:  918
j:  919
j:  920
j:  921
j:  922
j:  923
j:  924
j:  925
j:  926
j:  927
j:  928
j:  929
j:  930
j:  931
j:  932
j:  933
j:  934
j:  935
j:  936
j:  937
j:  938
j:  939
j:  940
j:  941
j:  942
j:  943
j:  944
j:  945
j:  946
j:  947
j:  948
j:  949
j:  950
j:  951
j:  952
j:  953
j:  954
j:  955
j:  956
j:  957
j:  958
j:  959
j:  960
j:  961
j:  962
j:  963
j:  964
j:  965
j:  966
j:  967
j:  968
j:  969
j:  970
j:  971
j:  972
j:  973
j:  974
j:  975
j:  976
j:  977
j:  978
j:  979
j:  980
j:  981
j:  982
j:  983
j:  984
j:  985
j:  986
j:  987
j:  988
j:  989
j:  990
j:  991
j:  992
j:  993
j:  994
j:  995
j:  996
j:  997
j:  998
j:  999
-->Evaluation... 
loss_var:170.509 
loss_nino:21.210 
loss_com:0.450 
score:-2.676
j:  1000

-->batch:1000 loss_var:155.34, loss_nino:19.21, score:16.642
j:  1001
j:  1002
j:  1003
j:  1004
j:  1005
j:  1006
j:  1007
j:  1008
j:  1009
j:  1010
j:  1011
j:  1012
j:  1013
j:  1014
j:  1015
j:  1016
j:  1017
j:  1018
j:  1019
j:  1020
j:  1021
j:  1022
j:  1023
j:  1024
j:  1025
j:  1026
j:  1027
j:  1028
j:  1029
j:  1030
j:  1031
j:  1032
j:  1033
j:  1034
j:  1035
j:  1036
j:  1037
j:  1038
j:  1039
j:  1040
j:  1041
j:  1042
j:  1043
j:  1044
j:  1045
j:  1046
j:  1047
j:  1048
j:  1049
j:  1050
j:  1051
j:  1052
j:  1053
j:  1054
j:  1055
j:  1056
j:  1057
j:  1058
j:  1059
j:  1060
j:  1061
j:  1062
j:  1063
j:  1064
j:  1065
j:  1066
j:  1067
j:  1068
j:  1069
j:  1070
j:  1071
j:  1072
j:  1073
j:  1074
j:  1075
j:  1076
j:  1077
j:  1078
j:  1079
j:  1080
j:  1081
j:  1082
j:  1083
j:  1084
j:  1085
j:  1086
j:  1087
j:  1088
j:  1089
j:  1090
j:  1091
j:  1092
j:  1093
j:  1094
j:  1095
j:  1096
j:  1097
j:  1098
j:  1099
j:  1100

-->batch:1100 loss_var:156.60, loss_nino:19.64, score:35.868
j:  1101
j:  1102
j:  1103
j:  1104
j:  1105
j:  1106
j:  1107
j:  1108
j:  1109
j:  1110
j:  1111
j:  1112
j:  1113
j:  1114
j:  1115
j:  1116
j:  1117
j:  1118
j:  1119
j:  1120
j:  1121
j:  1122
j:  1123
j:  1124
j:  1125
j:  1126
j:  1127
j:  1128
j:  1129
j:  1130
j:  1131
j:  1132
j:  1133
j:  1134
j:  1135
j:  1136
j:  1137
j:  1138
j:  1139
j:  1140
j:  1141
j:  1142
j:  1143
j:  1144
j:  1145
j:  1146
j:  1147
j:  1148
j:  1149
j:  1150
j:  1151
j:  1152
j:  1153
j:  1154
j:  1155
j:  1156
j:  1157
j:  1158
j:  1159
j:  1160
j:  1161
j:  1162
j:  1163
j:  1164
j:  1165
j:  1166
j:  1167
j:  1168
j:  1169
j:  1170
j:  1171
j:  1172
j:  1173
j:  1174
j:  1175
j:  1176
j:  1177
j:  1178
j:  1179
j:  1180
j:  1181
j:  1182
j:  1183
j:  1184
j:  1185
j:  1186
j:  1187
j:  1188
j:  1189
j:  1190
j:  1191
j:  1192
j:  1193
j:  1194
j:  1195
j:  1196
j:  1197
j:  1198
j:  1199
-->Evaluation... 
loss_var:170.489 
loss_nino:21.583 
loss_com:0.449 
score:2.225

saving model...
j:  1200

-->batch:1200 loss_var:163.17, loss_nino:23.41, score:23.582
j:  1201
j:  1202
j:  1203
j:  1204
j:  1205
j:  1206
j:  1207
j:  1208
j:  1209
j:  1210
j:  1211
j:  1212
j:  1213
j:  1214
j:  1215
j:  1216
j:  1217
j:  1218
j:  1219
j:  1220
j:  1221
j:  1222
j:  1223
j:  1224
j:  1225
j:  1226
j:  1227
j:  1228
j:  1229
j:  1230
j:  1231
j:  1232
j:  1233
j:  1234
j:  1235
j:  1236
j:  1237
j:  1238
j:  1239
j:  1240
j:  1241
j:  1242
j:  1243
j:  1244
j:  1245
j:  1246
j:  1247
j:  1248
j:  1249
j:  1250
j:  1251
j:  1252
j:  1253
j:  1254
j:  1255
j:  1256
j:  1257
j:  1258
j:  1259
j:  1260
j:  1261
j:  1262
j:  1263
j:  1264
j:  1265
j:  1266
j:  1267
j:  1268
j:  1269
j:  1270
j:  1271
j:  1272
j:  1273
j:  1274
j:  1275
j:  1276
j:  1277
j:  1278
j:  1279
j:  1280
j:  1281
j:  1282
j:  1283
j:  1284
j:  1285
j:  1286
j:  1287
j:  1288
j:  1289
j:  1290
j:  1291
j:  1292
j:  1293
j:  1294
j:  1295
j:  1296
j:  1297
j:  1298
j:  1299
j:  1300

-->batch:1300 loss_var:151.88, loss_nino:20.14, score:42.203
j:  1301
j:  1302
j:  1303
j:  1304
j:  1305
j:  1306
j:  1307
j:  1308
j:  1309
j:  1310
j:  1311
j:  1312
j:  1313
j:  1314
j:  1315
j:  1316
j:  1317
j:  1318
j:  1319
j:  1320
j:  1321
j:  1322
j:  1323
j:  1324
j:  1325
j:  1326
j:  1327
j:  1328
j:  1329
j:  1330
j:  1331
j:  1332
j:  1333
j:  1334
j:  1335
j:  1336
j:  1337
j:  1338
j:  1339
j:  1340
j:  1341
j:  1342
j:  1343
j:  1344
j:  1345
j:  1346
j:  1347
j:  1348
j:  1349
j:  1350
j:  1351
j:  1352
j:  1353
j:  1354
j:  1355
j:  1356
j:  1357
j:  1358
j:  1359
j:  1360
j:  1361
j:  1362
j:  1363
j:  1364
j:  1365
j:  1366
j:  1367
j:  1368
j:  1369
j:  1370
j:  1371
j:  1372
j:  1373
j:  1374
j:  1375
j:  1376
j:  1377
j:  1378
j:  1379
j:  1380
j:  1381
j:  1382
j:  1383
j:  1384
j:  1385
j:  1386
j:  1387
j:  1388
j:  1389
j:  1390
j:  1391
j:  1392
j:  1393
j:  1394
j:  1395
j:  1396
j:  1397
j:  1398
j:  1399
-->Evaluation... 
loss_var:169.227 
loss_nino:20.648 
loss_com:0.445 
score:0.168
j:  1400

-->batch:1400 loss_var:164.99, loss_nino:26.14, score:6.177
j:  1401
j:  1402
j:  1403
j:  1404
j:  1405
j:  1406
j:  1407
j:  1408
j:  1409
j:  1410
j:  1411
j:  1412
j:  1413
j:  1414
j:  1415
j:  1416
j:  1417
j:  1418
j:  1419
j:  1420
j:  1421
j:  1422
j:  1423
j:  1424
j:  1425
j:  1426
j:  1427
j:  1428
j:  1429
j:  1430
j:  1431
j:  1432
j:  1433
j:  1434
j:  1435
j:  1436
j:  1437
j:  1438
j:  1439
j:  1440
j:  1441
j:  1442
j:  1443
j:  1444
j:  1445
j:  1446
j:  1447
j:  1448
j:  1449
j:  1450
j:  1451
j:  1452
j:  1453
j:  1454
j:  1455
j:  1456
j:  1457
j:  1458
j:  1459
j:  1460
j:  1461
j:  1462
j:  1463
j:  1464
j:  1465
j:  1466
j:  1467
j:  1468
j:  1469
j:  1470
j:  1471
j:  1472
j:  1473
j:  1474
j:  1475
j:  1476
j:  1477
j:  1478
j:  1479
j:  1480
j:  1481
j:  1482
j:  1483
j:  1484
j:  1485
j:  1486
j:  1487
j:  1488
j:  1489
j:  1490
j:  1491
j:  1492
j:  1493
j:  1494
j:  1495
j:  1496
j:  1497
j:  1498
j:  1499
j:  1500

-->batch:1500 loss_var:150.98, loss_nino:22.87, score:-12.440
j:  1501
j:  1502
j:  1503
j:  1504
j:  1505
j:  1506
j:  1507
j:  1508
j:  1509
j:  1510
j:  1511
j:  1512
j:  1513
j:  1514
j:  1515
j:  1516
j:  1517
j:  1518
j:  1519
j:  1520
j:  1521
j:  1522
j:  1523
j:  1524
j:  1525
j:  1526
j:  1527
j:  1528
j:  1529
j:  1530
j:  1531
j:  1532
j:  1533
j:  1534
j:  1535
j:  1536
j:  1537
j:  1538
j:  1539
j:  1540
j:  1541
j:  1542
j:  1543
j:  1544
j:  1545
j:  1546
j:  1547
j:  1548
j:  1549
j:  1550
j:  1551
j:  1552
j:  1553
j:  1554
j:  1555
j:  1556
j:  1557
j:  1558
j:  1559
j:  1560
j:  1561
j:  1562
j:  1563
j:  1564
j:  1565
j:  1566
j:  1567
j:  1568
j:  1569
j:  1570
j:  1571
j:  1572
j:  1573
j:  1574
j:  1575
j:  1576
j:  1577
j:  1578
j:  1579
j:  1580
j:  1581
j:  1582
j:  1583
j:  1584
j:  1585
j:  1586
j:  1587
j:  1588
j:  1589
j:  1590
j:  1591
j:  1592
j:  1593
j:  1594
j:  1595
j:  1596
j:  1597
j:  1598
j:  1599
-->Evaluation... 
loss_var:171.953 
loss_nino:21.283 
loss_com:0.452 
score:1.297
j:  1600

-->batch:1600 loss_var:145.25, loss_nino:17.21, score:43.219
j:  1601
j:  1602
j:  1603
j:  1604
j:  1605
j:  1606
j:  1607
j:  1608
j:  1609
j:  1610
j:  1611
j:  1612
j:  1613
j:  1614
j:  1615
j:  1616
j:  1617
j:  1618
j:  1619
j:  1620
j:  1621
j:  1622
j:  1623
j:  1624

-->epoch7 end... 
loss_var:171.028 
loss_nino:19.976 
loss_com:0.450 
score: 1.386

sc is not increase for 1 epoch
================================================================================

-->epoch: 8
j:  0

-->batch:0 loss_var:155.61, loss_nino:19.07, score:39.468
j:  1
j:  2
j:  3
j:  4
j:  5
j:  6
j:  7
j:  8
j:  9
j:  10
j:  11
j:  12
j:  13
j:  14
j:  15
j:  16
j:  17
j:  18
j:  19
j:  20
j:  21
j:  22
j:  23
j:  24
j:  25
j:  26
j:  27
j:  28
j:  29
j:  30
j:  31
j:  32
j:  33
j:  34
j:  35
j:  36
j:  37
j:  38
j:  39
j:  40
j:  41
j:  42
j:  43
j:  44
j:  45
j:  46
j:  47
j:  48
j:  49
j:  50
j:  51
j:  52
j:  53
j:  54
j:  55
j:  56
j:  57
j:  58
j:  59
j:  60
j:  61
j:  62
j:  63
j:  64
j:  65
j:  66
j:  67
j:  68
j:  69
j:  70
j:  71
j:  72
j:  73
j:  74
j:  75
j:  76
j:  77
j:  78
j:  79
j:  80
j:  81
j:  82
j:  83
j:  84
j:  85
j:  86
j:  87
j:  88
j:  89
j:  90
j:  91
j:  92
j:  93
j:  94
j:  95
j:  96
j:  97
j:  98
j:  99
j:  100

-->batch:100 loss_var:159.33, loss_nino:21.94, score:15.287
j:  101
j:  102
j:  103
j:  104
j:  105
j:  106
j:  107
j:  108
j:  109
j:  110
j:  111
j:  112
j:  113
j:  114
j:  115
j:  116
j:  117
j:  118
j:  119
j:  120
j:  121
j:  122
j:  123
j:  124
j:  125
j:  126
j:  127
j:  128
j:  129
j:  130
j:  131
j:  132
j:  133
j:  134
j:  135
j:  136
j:  137
j:  138
j:  139
j:  140
j:  141
j:  142
j:  143
j:  144
j:  145
j:  146
j:  147
j:  148
j:  149
j:  150
j:  151
j:  152
j:  153
j:  154
j:  155
j:  156
j:  157
j:  158
j:  159
j:  160
j:  161
j:  162
j:  163
j:  164
j:  165
j:  166
j:  167
j:  168
j:  169
j:  170
j:  171
j:  172
j:  173
j:  174
j:  175
j:  176
j:  177
j:  178
j:  179
j:  180
j:  181
j:  182
j:  183
j:  184
j:  185
j:  186
j:  187
j:  188
j:  189
j:  190
j:  191
j:  192
j:  193
j:  194
j:  195
j:  196
j:  197
j:  198
j:  199
-->Evaluation... 
loss_var:178.622 
loss_nino:24.358 
loss_com:0.471 
score:-8.467
j:  200

-->batch:200 loss_var:174.05, loss_nino:25.09, score:29.420
j:  201
j:  202
j:  203
j:  204
j:  205
j:  206
j:  207
j:  208
j:  209
j:  210
j:  211
j:  212
j:  213
j:  214
j:  215
j:  216
j:  217
j:  218
j:  219
j:  220
j:  221
j:  222
j:  223
j:  224
j:  225
j:  226
j:  227
j:  228
j:  229
j:  230
j:  231
j:  232
j:  233
j:  234
j:  235
j:  236
j:  237
j:  238
j:  239
j:  240
j:  241
j:  242
j:  243
j:  244
j:  245
j:  246
j:  247
j:  248
j:  249
j:  250
j:  251
j:  252
j:  253
j:  254
j:  255
j:  256
j:  257
j:  258
j:  259
j:  260
j:  261
j:  262
j:  263
j:  264
j:  265
j:  266
j:  267
j:  268
j:  269
j:  270
j:  271
j:  272
j:  273
j:  274
j:  275
j:  276
j:  277
j:  278
j:  279
j:  280
j:  281
j:  282
j:  283
j:  284
j:  285
j:  286
j:  287
j:  288
j:  289
j:  290
j:  291
j:  292
j:  293
j:  294
j:  295
j:  296
j:  297
j:  298
j:  299
j:  300

-->batch:300 loss_var:147.86, loss_nino:19.18, score:40.492
j:  301
j:  302
j:  303
j:  304
j:  305
j:  306
j:  307
j:  308
j:  309
j:  310
j:  311
j:  312
j:  313
j:  314
j:  315
j:  316
j:  317
j:  318
j:  319
j:  320
j:  321
j:  322
j:  323
j:  324
j:  325
j:  326
j:  327
j:  328
j:  329
j:  330
j:  331
j:  332
j:  333
j:  334
j:  335
j:  336
j:  337
j:  338
j:  339
j:  340
j:  341
j:  342
j:  343
j:  344
j:  345
j:  346
j:  347
j:  348
j:  349
j:  350
j:  351
j:  352
j:  353
j:  354
j:  355
j:  356
j:  357
j:  358
j:  359
j:  360
j:  361
j:  362
j:  363
j:  364
j:  365
j:  366
j:  367
j:  368
j:  369
j:  370
j:  371
j:  372
j:  373
j:  374
j:  375
j:  376
j:  377
j:  378
j:  379
j:  380
j:  381
j:  382
j:  383
j:  384
j:  385
j:  386
j:  387
j:  388
j:  389
j:  390
j:  391
j:  392
j:  393
j:  394
j:  395
j:  396
j:  397
j:  398
j:  399
-->Evaluation... 
loss_var:169.437 
loss_nino:19.967 
loss_com:0.445 
score:-2.192
j:  400

-->batch:400 loss_var:143.15, loss_nino:19.96, score:21.864
j:  401
j:  402
j:  403
j:  404
j:  405
j:  406
j:  407
j:  408
j:  409
j:  410
j:  411
j:  412
j:  413
j:  414
j:  415
j:  416
j:  417
j:  418
j:  419
j:  420
j:  421
j:  422
j:  423
j:  424
j:  425
j:  426
j:  427
j:  428
j:  429
j:  430
j:  431
j:  432
j:  433
j:  434
j:  435
j:  436
j:  437
j:  438
j:  439
j:  440
j:  441
j:  442
j:  443
j:  444
j:  445
j:  446
j:  447
j:  448
j:  449
j:  450
j:  451
j:  452
j:  453
j:  454
j:  455
j:  456
j:  457
j:  458
j:  459
j:  460
j:  461
j:  462
j:  463
j:  464
j:  465
j:  466
j:  467
j:  468
j:  469
j:  470
j:  471
j:  472
j:  473
j:  474
j:  475
j:  476
j:  477
j:  478
j:  479
j:  480
j:  481
j:  482
j:  483
j:  484
j:  485
j:  486
j:  487
j:  488
j:  489
j:  490
j:  491
j:  492
j:  493
j:  494
j:  495
j:  496
j:  497
j:  498
j:  499
j:  500

-->batch:500 loss_var:147.70, loss_nino:18.28, score:51.008
j:  501
j:  502
j:  503
j:  504
j:  505
j:  506
j:  507
j:  508
j:  509
j:  510
j:  511
j:  512
j:  513
j:  514
j:  515
j:  516
j:  517
j:  518
j:  519
j:  520
j:  521
j:  522
j:  523
j:  524
j:  525
j:  526
j:  527
j:  528
j:  529
j:  530
j:  531
j:  532
j:  533
j:  534
j:  535
j:  536
j:  537
j:  538
j:  539
j:  540
j:  541
j:  542
j:  543
j:  544
j:  545
j:  546
j:  547
j:  548
j:  549
j:  550
j:  551
j:  552
j:  553
j:  554
j:  555
j:  556
j:  557
j:  558
j:  559
j:  560
j:  561
j:  562
j:  563
j:  564
j:  565
j:  566
j:  567
j:  568
j:  569
j:  570
j:  571
j:  572
j:  573
j:  574
j:  575
j:  576
j:  577
j:  578
j:  579
j:  580
j:  581
j:  582
j:  583
j:  584
j:  585
j:  586
j:  587
j:  588
j:  589
j:  590
j:  591
j:  592
j:  593
j:  594
j:  595
j:  596
j:  597
j:  598
j:  599
-->Evaluation... 
loss_var:171.529 
loss_nino:19.996 
loss_com:0.451 
score:2.067
j:  600

-->batch:600 loss_var:157.42, loss_nino:21.06, score:14.144
j:  601
j:  602
j:  603
j:  604
j:  605
j:  606
j:  607
j:  608
j:  609
j:  610
j:  611
j:  612
j:  613
j:  614
j:  615
j:  616
j:  617
j:  618
j:  619
j:  620
j:  621
j:  622
j:  623
j:  624
j:  625
j:  626
j:  627
j:  628
j:  629
j:  630
j:  631
j:  632
j:  633
j:  634
j:  635
j:  636
j:  637
j:  638
j:  639
j:  640
j:  641
j:  642
j:  643
j:  644
j:  645
j:  646
j:  647
j:  648
j:  649
j:  650
j:  651
j:  652
j:  653
j:  654
j:  655
j:  656
j:  657
j:  658
j:  659
j:  660
j:  661
j:  662
j:  663
j:  664
j:  665
j:  666
j:  667
j:  668
j:  669
j:  670
j:  671
j:  672
j:  673
j:  674
j:  675
j:  676
j:  677
j:  678
j:  679
j:  680
j:  681
j:  682
j:  683
j:  684
j:  685
j:  686
j:  687
j:  688
j:  689
j:  690
j:  691
j:  692
j:  693
j:  694
j:  695
j:  696
j:  697
j:  698
j:  699
j:  700

-->batch:700 loss_var:149.52, loss_nino:20.84, score:6.905
j:  701
j:  702
j:  703
j:  704
j:  705
j:  706
j:  707
j:  708
j:  709
j:  710
j:  711
j:  712
j:  713
j:  714
j:  715
j:  716
j:  717
j:  718
j:  719
j:  720
j:  721
j:  722
j:  723
j:  724
j:  725
j:  726
j:  727
j:  728
j:  729
j:  730
j:  731
j:  732
j:  733
j:  734
j:  735
j:  736
j:  737
j:  738
j:  739
j:  740
j:  741
j:  742
j:  743
j:  744
j:  745
j:  746
j:  747
j:  748
j:  749
j:  750
j:  751
j:  752
j:  753
j:  754
j:  755
j:  756
j:  757
j:  758
j:  759
j:  760
j:  761
j:  762
j:  763
j:  764
j:  765
j:  766
j:  767
j:  768
j:  769
j:  770
j:  771
j:  772
j:  773
j:  774
j:  775
j:  776
j:  777
j:  778
j:  779
j:  780
j:  781
j:  782
j:  783
j:  784
j:  785
j:  786
j:  787
j:  788
j:  789
j:  790
j:  791
j:  792
j:  793
j:  794
j:  795
j:  796
j:  797
j:  798
j:  799
-->Evaluation... 
loss_var:171.047 
loss_nino:21.543 
loss_com:0.450 
score:-1.498
j:  800

-->batch:800 loss_var:145.54, loss_nino:17.89, score:40.835
j:  801
j:  802
j:  803
j:  804
j:  805
j:  806
j:  807
j:  808
j:  809
j:  810
j:  811
j:  812
j:  813
j:  814
j:  815
j:  816
j:  817
j:  818
j:  819
j:  820
j:  821
j:  822
j:  823
j:  824
j:  825
j:  826
j:  827
j:  828
j:  829
j:  830
j:  831
j:  832
j:  833
j:  834
j:  835
j:  836
j:  837
j:  838
j:  839
j:  840
j:  841
j:  842
j:  843
j:  844
j:  845
j:  846
j:  847
j:  848
j:  849
j:  850
j:  851
j:  852
j:  853
j:  854
j:  855
j:  856
j:  857
j:  858
j:  859
j:  860
j:  861
j:  862
j:  863
j:  864
j:  865
j:  866
j:  867
j:  868
j:  869
j:  870
j:  871
j:  872
j:  873
j:  874
j:  875
j:  876
j:  877
j:  878
j:  879
j:  880
j:  881
j:  882
j:  883
j:  884
j:  885
j:  886
j:  887
j:  888
j:  889
j:  890
j:  891
j:  892
j:  893
j:  894
j:  895
j:  896
j:  897
j:  898
j:  899
j:  900

-->batch:900 loss_var:155.26, loss_nino:21.96, score:42.736
j:  901
j:  902
j:  903
j:  904
j:  905
j:  906
j:  907
j:  908
j:  909
j:  910
j:  911
j:  912
j:  913
j:  914
j:  915
j:  916
j:  917
j:  918
j:  919
j:  920
j:  921
j:  922
j:  923
j:  924
j:  925
j:  926
j:  927
j:  928
j:  929
j:  930
j:  931
j:  932
j:  933
j:  934
j:  935
j:  936
j:  937
j:  938
j:  939
j:  940
j:  941
j:  942
j:  943
j:  944
j:  945
j:  946
j:  947
j:  948
j:  949
j:  950
j:  951
j:  952
j:  953
j:  954
j:  955
j:  956
j:  957
j:  958
j:  959
j:  960
j:  961
j:  962
j:  963
j:  964
j:  965
j:  966
j:  967
j:  968
j:  969
j:  970
j:  971
j:  972
j:  973
j:  974
j:  975
j:  976
j:  977
j:  978
j:  979
j:  980
j:  981
j:  982
j:  983
j:  984
j:  985
j:  986
j:  987
j:  988
j:  989
j:  990
j:  991
j:  992
j:  993
j:  994
j:  995
j:  996
j:  997
j:  998
j:  999
-->Evaluation... 
loss_var:171.924 
loss_nino:21.027 
loss_com:0.452 
score:0.814
j:  1000

-->batch:1000 loss_var:145.77, loss_nino:21.47, score:12.994
j:  1001
j:  1002
j:  1003
j:  1004
j:  1005
j:  1006
j:  1007
j:  1008
j:  1009
j:  1010
j:  1011
j:  1012
j:  1013
j:  1014
j:  1015
j:  1016
j:  1017
j:  1018
j:  1019
j:  1020
j:  1021
j:  1022
j:  1023
j:  1024
j:  1025
j:  1026
j:  1027
j:  1028
j:  1029
j:  1030
j:  1031
j:  1032
j:  1033
j:  1034
j:  1035
j:  1036
j:  1037
j:  1038
j:  1039
j:  1040
j:  1041
j:  1042
j:  1043
j:  1044
j:  1045
j:  1046
j:  1047
j:  1048
j:  1049
j:  1050
j:  1051
j:  1052
j:  1053
j:  1054
j:  1055
j:  1056
j:  1057
j:  1058
j:  1059
j:  1060
j:  1061
j:  1062
j:  1063
j:  1064
j:  1065
j:  1066
j:  1067
j:  1068
j:  1069
j:  1070
j:  1071
j:  1072
j:  1073
j:  1074
j:  1075
j:  1076
j:  1077
j:  1078
j:  1079
j:  1080
j:  1081
j:  1082
j:  1083
j:  1084
j:  1085
j:  1086
j:  1087
j:  1088
j:  1089
j:  1090
j:  1091
j:  1092
j:  1093
j:  1094
j:  1095
j:  1096
j:  1097
j:  1098
j:  1099
j:  1100

-->batch:1100 loss_var:157.96, loss_nino:23.41, score:23.956
j:  1101
j:  1102
j:  1103
j:  1104
j:  1105
j:  1106
j:  1107
j:  1108
j:  1109
j:  1110
j:  1111
j:  1112
j:  1113
j:  1114
j:  1115
j:  1116
j:  1117
j:  1118
j:  1119
j:  1120
j:  1121
j:  1122
j:  1123
j:  1124
j:  1125
j:  1126
j:  1127
j:  1128
j:  1129
j:  1130
j:  1131
j:  1132
j:  1133
j:  1134
j:  1135
j:  1136
j:  1137
j:  1138
j:  1139
j:  1140
j:  1141
j:  1142
j:  1143
j:  1144
j:  1145
j:  1146
j:  1147
j:  1148
j:  1149
j:  1150
j:  1151
j:  1152
j:  1153
j:  1154
j:  1155
j:  1156
j:  1157
j:  1158
j:  1159
j:  1160
j:  1161
j:  1162
j:  1163
j:  1164
j:  1165
j:  1166
j:  1167
j:  1168
j:  1169
j:  1170
j:  1171
j:  1172
j:  1173
j:  1174
j:  1175
j:  1176
j:  1177
j:  1178
j:  1179
j:  1180
j:  1181
j:  1182
j:  1183
j:  1184
j:  1185
j:  1186
j:  1187
j:  1188
j:  1189
j:  1190
j:  1191
j:  1192
j:  1193
j:  1194
j:  1195
j:  1196
j:  1197
j:  1198
j:  1199
-->Evaluation... 
loss_var:170.179 
loss_nino:20.456 
loss_com:0.447 
score:2.409

saving model...
j:  1200

-->batch:1200 loss_var:154.33, loss_nino:22.03, score:32.703
j:  1201
j:  1202
j:  1203
j:  1204
j:  1205
j:  1206
j:  1207
j:  1208
j:  1209
j:  1210
j:  1211
j:  1212
j:  1213
j:  1214
j:  1215
j:  1216
j:  1217
j:  1218
j:  1219
j:  1220
j:  1221
j:  1222
j:  1223
j:  1224
j:  1225
j:  1226
j:  1227
j:  1228
j:  1229
j:  1230
j:  1231
j:  1232
j:  1233
j:  1234
j:  1235
j:  1236
j:  1237
j:  1238
j:  1239
j:  1240
j:  1241
j:  1242
j:  1243
j:  1244
j:  1245
j:  1246
j:  1247
j:  1248
j:  1249
j:  1250
j:  1251
j:  1252
j:  1253
j:  1254
j:  1255
j:  1256
j:  1257
j:  1258
j:  1259
j:  1260
j:  1261
j:  1262
j:  1263
j:  1264
j:  1265
j:  1266
j:  1267
j:  1268
j:  1269
j:  1270
j:  1271
j:  1272
j:  1273
j:  1274
j:  1275
j:  1276
j:  1277
j:  1278
j:  1279
j:  1280
j:  1281
j:  1282
j:  1283
j:  1284
j:  1285
j:  1286
j:  1287
j:  1288
j:  1289
j:  1290
j:  1291
j:  1292
j:  1293
j:  1294
j:  1295
j:  1296
j:  1297
j:  1298
j:  1299
j:  1300

-->batch:1300 loss_var:155.25, loss_nino:19.79, score:39.702
j:  1301
j:  1302
j:  1303
j:  1304
j:  1305
j:  1306
j:  1307
j:  1308
j:  1309
j:  1310
j:  1311
j:  1312
j:  1313
j:  1314
j:  1315
j:  1316
j:  1317
j:  1318
j:  1319
j:  1320
j:  1321
j:  1322
j:  1323
j:  1324
j:  1325
j:  1326
j:  1327
j:  1328
j:  1329
j:  1330
j:  1331
j:  1332
j:  1333
j:  1334
j:  1335
j:  1336
j:  1337
j:  1338
j:  1339
j:  1340
j:  1341
j:  1342
j:  1343
j:  1344
j:  1345
j:  1346
j:  1347
j:  1348
j:  1349
j:  1350
j:  1351
j:  1352
j:  1353
j:  1354
j:  1355
j:  1356
j:  1357
j:  1358
j:  1359
j:  1360
j:  1361
j:  1362
j:  1363
j:  1364
j:  1365
j:  1366
j:  1367
j:  1368
j:  1369
j:  1370
j:  1371
j:  1372
j:  1373
j:  1374
j:  1375
j:  1376
j:  1377
j:  1378
j:  1379
j:  1380
j:  1381
j:  1382
j:  1383
j:  1384
j:  1385
j:  1386
j:  1387
j:  1388
j:  1389
j:  1390
j:  1391
j:  1392
j:  1393
j:  1394
j:  1395
j:  1396
j:  1397
j:  1398
j:  1399
-->Evaluation... 
loss_var:176.824 
loss_nino:23.667 
loss_com:0.465 
score:-3.512
j:  1400

-->batch:1400 loss_var:143.41, loss_nino:20.99, score:22.931
j:  1401
j:  1402
j:  1403
j:  1404
j:  1405
j:  1406
j:  1407
j:  1408
j:  1409
j:  1410
j:  1411
j:  1412
j:  1413
j:  1414
j:  1415
j:  1416
j:  1417
j:  1418
j:  1419
j:  1420
j:  1421
j:  1422
j:  1423
j:  1424
j:  1425
j:  1426
j:  1427
j:  1428
j:  1429
j:  1430
j:  1431
j:  1432
j:  1433
j:  1434
j:  1435
j:  1436
j:  1437
j:  1438
j:  1439
j:  1440
j:  1441
j:  1442
j:  1443
j:  1444
j:  1445
j:  1446
j:  1447
j:  1448
j:  1449
j:  1450
j:  1451
j:  1452
j:  1453
j:  1454
j:  1455
j:  1456
j:  1457
j:  1458
j:  1459
j:  1460
j:  1461
j:  1462
j:  1463
j:  1464
j:  1465
j:  1466
j:  1467
j:  1468
j:  1469
j:  1470
j:  1471
j:  1472
j:  1473
j:  1474
j:  1475
j:  1476
j:  1477
j:  1478
j:  1479
j:  1480
j:  1481
j:  1482
j:  1483
j:  1484
j:  1485
j:  1486
j:  1487
j:  1488
j:  1489
j:  1490
j:  1491
j:  1492
j:  1493
j:  1494
j:  1495
j:  1496
j:  1497
j:  1498
j:  1499
j:  1500

-->batch:1500 loss_var:143.48, loss_nino:17.81, score:34.715
j:  1501
j:  1502
j:  1503
j:  1504
j:  1505
j:  1506
j:  1507
j:  1508
j:  1509
j:  1510
j:  1511
j:  1512
j:  1513
j:  1514
j:  1515
j:  1516
j:  1517
j:  1518
j:  1519
j:  1520
j:  1521
j:  1522
j:  1523
j:  1524
j:  1525
j:  1526
j:  1527
j:  1528
j:  1529
j:  1530
j:  1531
j:  1532
j:  1533
j:  1534
j:  1535
j:  1536
j:  1537
j:  1538
j:  1539
j:  1540
j:  1541
j:  1542
j:  1543
j:  1544
j:  1545
j:  1546
j:  1547
j:  1548
j:  1549
j:  1550
j:  1551
j:  1552
j:  1553
j:  1554
j:  1555
j:  1556
j:  1557
j:  1558
j:  1559
j:  1560
j:  1561
j:  1562
j:  1563
j:  1564
j:  1565
j:  1566
j:  1567
j:  1568
j:  1569
j:  1570
j:  1571
j:  1572
j:  1573
j:  1574
j:  1575
j:  1576
j:  1577
j:  1578
j:  1579
j:  1580
j:  1581
j:  1582
j:  1583
j:  1584
j:  1585
j:  1586
j:  1587
j:  1588
j:  1589
j:  1590
j:  1591
j:  1592
j:  1593
j:  1594
j:  1595
j:  1596
j:  1597
j:  1598
j:  1599
-->Evaluation... 
loss_var:172.511 
loss_nino:21.761 
loss_com:0.454 
score:-2.627
j:  1600

-->batch:1600 loss_var:147.81, loss_nino:19.21, score:20.154
j:  1601
j:  1602
j:  1603
j:  1604
j:  1605
j:  1606
j:  1607
j:  1608
j:  1609
j:  1610
j:  1611
j:  1612
j:  1613
j:  1614
j:  1615
j:  1616
j:  1617
j:  1618
j:  1619
j:  1620
j:  1621
j:  1622
j:  1623
j:  1624

-->epoch8 end... 
loss_var:176.323 
loss_nino:22.761 
loss_com:0.464 
score: -1.141

sc is not increase for 1 epoch
================================================================================

-->epoch: 9
j:  0

-->batch:0 loss_var:158.24, loss_nino:24.24, score:7.755
j:  1
j:  2
j:  3
j:  4
j:  5
j:  6
j:  7
j:  8
j:  9
j:  10
j:  11
j:  12
j:  13
j:  14
j:  15
j:  16
j:  17
j:  18
j:  19
j:  20
j:  21
j:  22
j:  23
j:  24
j:  25
j:  26
j:  27
j:  28
j:  29
j:  30
j:  31
j:  32
j:  33
j:  34
j:  35
j:  36
j:  37
j:  38
j:  39
j:  40
j:  41
j:  42
j:  43
j:  44
j:  45
j:  46
j:  47
j:  48
j:  49
j:  50
j:  51
j:  52
j:  53
j:  54
j:  55
j:  56
j:  57
j:  58
j:  59
j:  60
j:  61
j:  62
j:  63
j:  64
j:  65
j:  66
j:  67
j:  68
j:  69
j:  70
j:  71
j:  72
j:  73
j:  74
j:  75
j:  76
j:  77
j:  78
j:  79
j:  80
j:  81
j:  82
j:  83
j:  84
j:  85
j:  86
j:  87
j:  88
j:  89
j:  90
j:  91
j:  92
j:  93
j:  94
j:  95
j:  96
j:  97
j:  98
j:  99
j:  100

-->batch:100 loss_var:140.36, loss_nino:19.25, score:43.181
j:  101
j:  102
j:  103
j:  104
j:  105
j:  106
j:  107
j:  108
j:  109
j:  110
j:  111
j:  112
j:  113
j:  114
j:  115
j:  116
j:  117
j:  118
j:  119
j:  120
j:  121
j:  122
j:  123
j:  124
j:  125
j:  126
j:  127
j:  128
j:  129
j:  130
j:  131
j:  132
j:  133
j:  134
j:  135
j:  136
j:  137
j:  138
j:  139
j:  140
j:  141
j:  142
j:  143
j:  144
j:  145
j:  146
j:  147
j:  148
j:  149
j:  150
j:  151
j:  152
j:  153
j:  154
j:  155
j:  156
j:  157
j:  158
j:  159
j:  160
j:  161
j:  162
j:  163
j:  164
j:  165
j:  166
j:  167
j:  168
j:  169
j:  170
j:  171
j:  172
j:  173
j:  174
j:  175
j:  176
j:  177
j:  178
j:  179
j:  180
j:  181
j:  182
j:  183
j:  184
j:  185
j:  186
j:  187
j:  188
j:  189
j:  190
j:  191
j:  192
j:  193
j:  194
j:  195
j:  196
j:  197
j:  198
j:  199
-->Evaluation... 
loss_var:172.810 
loss_nino:20.775 
loss_com:0.455 
score:-0.641
j:  200

-->batch:200 loss_var:148.11, loss_nino:15.56, score:53.801
j:  201
j:  202
j:  203
j:  204
j:  205
j:  206
j:  207
j:  208
j:  209
j:  210
j:  211
j:  212
j:  213
j:  214
j:  215
j:  216
j:  217
j:  218
j:  219
j:  220
j:  221
j:  222
j:  223
j:  224
j:  225
j:  226
j:  227
j:  228
j:  229
j:  230
j:  231
j:  232
j:  233
j:  234
j:  235
j:  236
j:  237
j:  238
j:  239
j:  240
j:  241
j:  242
j:  243
j:  244
j:  245
j:  246
j:  247
j:  248
j:  249
j:  250
j:  251
j:  252
j:  253
j:  254
j:  255
j:  256
j:  257
j:  258
j:  259
j:  260
j:  261
j:  262
j:  263
j:  264
j:  265
j:  266
j:  267
j:  268
j:  269
j:  270
j:  271
j:  272
j:  273
j:  274
j:  275
j:  276
j:  277
j:  278
j:  279
j:  280
j:  281
j:  282
j:  283
j:  284
j:  285
j:  286
j:  287
j:  288
j:  289
j:  290
j:  291
j:  292
j:  293
j:  294
j:  295
j:  296
j:  297
j:  298
j:  299
j:  300

-->batch:300 loss_var:158.23, loss_nino:20.44, score:7.959
j:  301
j:  302
j:  303
j:  304
j:  305
j:  306
j:  307
j:  308
j:  309
j:  310
j:  311
j:  312
j:  313
j:  314
j:  315
j:  316
j:  317
j:  318
j:  319
j:  320
j:  321
j:  322
j:  323
j:  324
j:  325
j:  326
j:  327
j:  328
j:  329
j:  330
j:  331
j:  332
j:  333
j:  334
j:  335
j:  336
j:  337
j:  338
j:  339
j:  340
j:  341
j:  342
j:  343
j:  344
j:  345
j:  346
j:  347
j:  348
j:  349
j:  350
j:  351
j:  352
j:  353
j:  354
j:  355
j:  356
j:  357
j:  358
j:  359
j:  360
j:  361
j:  362
j:  363
j:  364
j:  365
j:  366
j:  367
j:  368
j:  369
j:  370
j:  371
j:  372
j:  373
j:  374
j:  375
j:  376
j:  377
j:  378
j:  379
j:  380
j:  381
j:  382
j:  383
j:  384
j:  385
j:  386
j:  387
j:  388
j:  389
j:  390
j:  391
j:  392
j:  393
j:  394
j:  395
j:  396
j:  397
j:  398
j:  399
-->Evaluation... 
loss_var:174.720 
loss_nino:23.033 
loss_com:0.461 
score:-4.001
j:  400

-->batch:400 loss_var:161.15, loss_nino:22.54, score:19.514
j:  401
j:  402
j:  403
j:  404
j:  405
j:  406
j:  407
j:  408
j:  409
j:  410
j:  411
j:  412
j:  413
j:  414
j:  415
j:  416
j:  417
j:  418
j:  419
j:  420
j:  421
j:  422
j:  423
j:  424
j:  425
j:  426
j:  427
j:  428
j:  429
j:  430
j:  431
j:  432
j:  433
j:  434
j:  435
j:  436
j:  437
j:  438
j:  439
j:  440
j:  441
j:  442
j:  443
j:  444
j:  445
j:  446
j:  447
j:  448
j:  449
j:  450
j:  451
j:  452
j:  453
j:  454
j:  455
j:  456
j:  457
j:  458
j:  459
j:  460
j:  461
j:  462
j:  463
j:  464
j:  465
j:  466
j:  467
j:  468
j:  469
j:  470
j:  471
j:  472
j:  473
j:  474
j:  475
j:  476
j:  477
j:  478
j:  479
j:  480
j:  481
j:  482
j:  483
j:  484
j:  485
j:  486
j:  487
j:  488
j:  489
j:  490
j:  491
j:  492
j:  493
j:  494
j:  495
j:  496
j:  497
j:  498
j:  499
j:  500

-->batch:500 loss_var:155.26, loss_nino:20.10, score:37.854
j:  501
j:  502
j:  503
j:  504
j:  505
j:  506
j:  507
j:  508
j:  509
j:  510
j:  511
j:  512
j:  513
j:  514
j:  515
j:  516
j:  517
j:  518
j:  519
j:  520
j:  521
j:  522
j:  523
j:  524
j:  525
j:  526
j:  527
j:  528
j:  529
j:  530
j:  531
j:  532
j:  533
j:  534
j:  535
j:  536
j:  537
j:  538
j:  539
j:  540
j:  541
j:  542
j:  543
j:  544
j:  545
j:  546
j:  547
j:  548
j:  549
j:  550
j:  551
j:  552
j:  553
j:  554
j:  555
j:  556
j:  557
j:  558
j:  559
j:  560
j:  561
j:  562
j:  563
j:  564
j:  565
j:  566
j:  567
j:  568
j:  569
j:  570
j:  571
j:  572
j:  573
j:  574
j:  575
j:  576
j:  577
j:  578
j:  579
j:  580
j:  581
j:  582
j:  583
j:  584
j:  585
j:  586
j:  587
j:  588
j:  589
j:  590
j:  591
j:  592
j:  593
j:  594
j:  595
j:  596
j:  597
j:  598
j:  599
-->Evaluation... 
loss_var:173.102 
loss_nino:21.342 
loss_com:0.455 
score:-2.059
j:  600

-->batch:600 loss_var:151.55, loss_nino:21.07, score:34.383
j:  601
j:  602
j:  603
j:  604
j:  605
j:  606
j:  607
j:  608
j:  609
j:  610
j:  611
j:  612
j:  613
j:  614
j:  615
j:  616
j:  617
j:  618
j:  619
j:  620
j:  621
j:  622
j:  623
j:  624
j:  625
j:  626
j:  627
j:  628
j:  629
j:  630
j:  631
j:  632
j:  633
j:  634
j:  635
j:  636
j:  637
j:  638
j:  639
j:  640
j:  641
j:  642
j:  643
j:  644
j:  645
j:  646
j:  647
j:  648
j:  649
j:  650
j:  651
j:  652
j:  653
j:  654
j:  655
j:  656
j:  657
j:  658
j:  659
j:  660
j:  661
j:  662
j:  663
j:  664
j:  665
j:  666
j:  667
j:  668
j:  669
j:  670
j:  671
j:  672
j:  673
j:  674
j:  675
j:  676
j:  677
j:  678
j:  679
j:  680
j:  681
j:  682
j:  683
j:  684
j:  685
j:  686
j:  687
j:  688
j:  689
j:  690
j:  691
j:  692
j:  693
j:  694
j:  695
j:  696
j:  697
j:  698
j:  699
j:  700

-->batch:700 loss_var:133.87, loss_nino:14.57, score:37.959
j:  701
j:  702
j:  703
j:  704
j:  705
j:  706
j:  707
j:  708
j:  709
j:  710
j:  711
j:  712
j:  713
j:  714
j:  715
j:  716
j:  717
j:  718
j:  719
j:  720
j:  721
j:  722
j:  723
j:  724
j:  725
j:  726
j:  727
j:  728
j:  729
j:  730
j:  731
j:  732
j:  733
j:  734
j:  735
j:  736
j:  737
j:  738
j:  739
j:  740
j:  741
j:  742
j:  743
j:  744
j:  745
j:  746
j:  747
j:  748
j:  749
j:  750
j:  751
j:  752
j:  753
j:  754
j:  755
j:  756
j:  757
j:  758
j:  759
j:  760
j:  761
j:  762
j:  763
j:  764
j:  765
j:  766
j:  767
j:  768
j:  769
j:  770
j:  771
j:  772
j:  773
j:  774
j:  775
j:  776
j:  777
j:  778
j:  779
j:  780
j:  781
j:  782
j:  783
j:  784
j:  785
j:  786
j:  787
j:  788
j:  789
j:  790
j:  791
j:  792
j:  793
j:  794
j:  795
j:  796
j:  797
j:  798
j:  799
-->Evaluation... 
loss_var:171.778 
loss_nino:21.219 
loss_com:0.451 
score:0.317
j:  800

-->batch:800 loss_var:155.70, loss_nino:18.53, score:41.487
j:  801
j:  802
j:  803
j:  804
j:  805
j:  806
j:  807
j:  808
j:  809
j:  810
j:  811
j:  812
j:  813
j:  814
j:  815
j:  816
j:  817
j:  818
j:  819
j:  820
j:  821
j:  822
j:  823
j:  824
j:  825
j:  826
j:  827
j:  828
j:  829
j:  830
j:  831
j:  832
j:  833
j:  834
j:  835
j:  836
j:  837
j:  838
j:  839
j:  840
j:  841
j:  842
j:  843
j:  844
j:  845
j:  846
j:  847
j:  848
j:  849
j:  850
j:  851
j:  852
j:  853
j:  854
j:  855
j:  856
j:  857
j:  858
j:  859
j:  860
j:  861
j:  862
j:  863
j:  864
j:  865
j:  866
j:  867
j:  868
j:  869
j:  870
j:  871
j:  872
j:  873
j:  874
j:  875
j:  876
j:  877
j:  878
j:  879
j:  880
j:  881
j:  882
j:  883
j:  884
j:  885
j:  886
j:  887
j:  888
j:  889
j:  890
j:  891
j:  892
j:  893
j:  894
j:  895
j:  896
j:  897
j:  898
j:  899
j:  900

-->batch:900 loss_var:161.98, loss_nino:26.83, score:26.378
j:  901
j:  902
j:  903
j:  904
j:  905
j:  906
j:  907
j:  908
j:  909
j:  910
j:  911
j:  912
j:  913
j:  914
j:  915
j:  916
j:  917
j:  918
j:  919
j:  920
j:  921
j:  922
j:  923
j:  924
j:  925
j:  926
j:  927
j:  928
j:  929
j:  930
j:  931
j:  932
j:  933
j:  934
j:  935
j:  936
j:  937
j:  938
j:  939
j:  940
j:  941
j:  942
j:  943
j:  944
j:  945
j:  946
j:  947
j:  948
j:  949
j:  950
j:  951
j:  952
j:  953
j:  954
j:  955
j:  956
j:  957
j:  958
j:  959
j:  960
j:  961
j:  962
j:  963
j:  964
j:  965
j:  966
j:  967
j:  968
j:  969
j:  970
j:  971
j:  972
j:  973
j:  974
j:  975
j:  976
j:  977
j:  978
j:  979
j:  980
j:  981
j:  982
j:  983
j:  984
j:  985
j:  986
j:  987
j:  988
j:  989
j:  990
j:  991
j:  992
j:  993
j:  994
j:  995
j:  996
j:  997
j:  998
j:  999
-->Evaluation... 
loss_var:174.142 
loss_nino:21.285 
loss_com:0.458 
score:-0.962
j:  1000

-->batch:1000 loss_var:144.60, loss_nino:19.31, score:4.485
j:  1001
j:  1002
j:  1003
j:  1004
j:  1005
j:  1006
j:  1007
j:  1008
j:  1009
j:  1010
j:  1011
j:  1012
j:  1013
j:  1014
j:  1015
j:  1016
j:  1017
j:  1018
j:  1019
j:  1020
j:  1021
j:  1022
j:  1023
j:  1024
j:  1025
j:  1026
j:  1027
j:  1028
j:  1029
j:  1030
j:  1031
j:  1032
j:  1033
j:  1034
j:  1035
j:  1036
j:  1037
j:  1038
j:  1039
j:  1040
j:  1041
j:  1042
j:  1043
j:  1044
j:  1045
j:  1046
j:  1047
j:  1048
j:  1049
j:  1050
j:  1051
j:  1052
j:  1053
j:  1054
j:  1055
j:  1056
j:  1057
j:  1058
j:  1059
j:  1060
j:  1061
j:  1062
j:  1063
j:  1064
j:  1065
j:  1066
j:  1067
j:  1068
j:  1069
j:  1070
j:  1071
j:  1072
j:  1073
j:  1074
j:  1075
j:  1076
j:  1077
j:  1078
j:  1079
j:  1080
j:  1081
j:  1082
j:  1083
j:  1084
j:  1085
j:  1086
j:  1087
j:  1088
j:  1089
j:  1090
j:  1091
j:  1092
j:  1093
j:  1094
j:  1095
j:  1096
j:  1097
j:  1098
j:  1099
j:  1100

-->batch:1100 loss_var:145.95, loss_nino:17.25, score:26.655
j:  1101
j:  1102
j:  1103
j:  1104
j:  1105
j:  1106
j:  1107
j:  1108
j:  1109
j:  1110
j:  1111
j:  1112
j:  1113
j:  1114
j:  1115
j:  1116
j:  1117
j:  1118
j:  1119
j:  1120
j:  1121
j:  1122
j:  1123
j:  1124
j:  1125
j:  1126
j:  1127
j:  1128
j:  1129
j:  1130
j:  1131
j:  1132
j:  1133
j:  1134
j:  1135
j:  1136
j:  1137
j:  1138
j:  1139
j:  1140
j:  1141
j:  1142
j:  1143
j:  1144
j:  1145
j:  1146
j:  1147
j:  1148
j:  1149
j:  1150
j:  1151
j:  1152
j:  1153
j:  1154
j:  1155
j:  1156
j:  1157
j:  1158
j:  1159
j:  1160
j:  1161
j:  1162
j:  1163
j:  1164
j:  1165
j:  1166
j:  1167
j:  1168
j:  1169
j:  1170
j:  1171
j:  1172
j:  1173
j:  1174
j:  1175
j:  1176
j:  1177
j:  1178
j:  1179
j:  1180
j:  1181
j:  1182
j:  1183
j:  1184
j:  1185
j:  1186
j:  1187
j:  1188
j:  1189
j:  1190
j:  1191
j:  1192
j:  1193
j:  1194
j:  1195
j:  1196
j:  1197
j:  1198
j:  1199
-->Evaluation... 
loss_var:172.546 
loss_nino:20.428 
loss_com:0.453 
score:-0.364
j:  1200

-->batch:1200 loss_var:158.55, loss_nino:22.55, score:31.317
j:  1201
j:  1202
j:  1203
j:  1204
j:  1205
j:  1206
j:  1207
j:  1208
j:  1209
j:  1210
j:  1211
j:  1212
j:  1213
j:  1214
j:  1215
j:  1216
j:  1217
j:  1218
j:  1219
j:  1220
j:  1221
j:  1222
j:  1223
j:  1224
j:  1225
j:  1226
j:  1227
j:  1228
j:  1229
j:  1230
j:  1231
j:  1232
j:  1233
j:  1234
j:  1235
j:  1236
j:  1237
j:  1238
j:  1239
j:  1240
j:  1241
j:  1242
j:  1243
j:  1244
j:  1245
j:  1246
j:  1247
j:  1248
j:  1249
j:  1250
j:  1251
j:  1252
j:  1253
j:  1254
j:  1255
j:  1256
j:  1257
j:  1258
j:  1259
j:  1260
j:  1261
j:  1262
j:  1263
j:  1264
j:  1265
j:  1266
j:  1267
j:  1268
j:  1269
j:  1270
j:  1271
j:  1272
j:  1273
j:  1274
j:  1275
j:  1276
j:  1277
j:  1278
j:  1279
j:  1280
j:  1281
j:  1282
j:  1283
j:  1284
j:  1285
j:  1286
j:  1287
j:  1288
j:  1289
j:  1290
j:  1291
j:  1292
j:  1293
j:  1294
j:  1295
j:  1296
j:  1297
j:  1298
j:  1299
j:  1300

-->batch:1300 loss_var:161.72, loss_nino:22.70, score:26.780
j:  1301
j:  1302
j:  1303
j:  1304
j:  1305
j:  1306
j:  1307
j:  1308
j:  1309
j:  1310
j:  1311
j:  1312
j:  1313
j:  1314
j:  1315
j:  1316
j:  1317
j:  1318
j:  1319
j:  1320
j:  1321
j:  1322
j:  1323
j:  1324
j:  1325
j:  1326
j:  1327
j:  1328
j:  1329
j:  1330
j:  1331
j:  1332
j:  1333
j:  1334
j:  1335
j:  1336
j:  1337
j:  1338
j:  1339
j:  1340
j:  1341
j:  1342
j:  1343
j:  1344
j:  1345
j:  1346
j:  1347
j:  1348
j:  1349
j:  1350
j:  1351
j:  1352
j:  1353
j:  1354
j:  1355
j:  1356
j:  1357
j:  1358
j:  1359
j:  1360
j:  1361
j:  1362
j:  1363
j:  1364
j:  1365
j:  1366
j:  1367
j:  1368
j:  1369
j:  1370
j:  1371
j:  1372
j:  1373
j:  1374
j:  1375
j:  1376
j:  1377
j:  1378
j:  1379
j:  1380
j:  1381
j:  1382
j:  1383
j:  1384
j:  1385
j:  1386
j:  1387
j:  1388
j:  1389
j:  1390
j:  1391
j:  1392
j:  1393
j:  1394
j:  1395
j:  1396
j:  1397
j:  1398
j:  1399
-->Evaluation... 
loss_var:171.877 
loss_nino:20.706 
loss_com:0.452 
score:1.749
j:  1400

-->batch:1400 loss_var:155.48, loss_nino:16.46, score:37.259
j:  1401
j:  1402
j:  1403
j:  1404
j:  1405
j:  1406
j:  1407
j:  1408
j:  1409
j:  1410
j:  1411
j:  1412
j:  1413
j:  1414
j:  1415
j:  1416
j:  1417
j:  1418
j:  1419
j:  1420
j:  1421
j:  1422
j:  1423
j:  1424
j:  1425
j:  1426
j:  1427
j:  1428
j:  1429
j:  1430
j:  1431
j:  1432
j:  1433
j:  1434
j:  1435
j:  1436
j:  1437
j:  1438
j:  1439
j:  1440
j:  1441
j:  1442
j:  1443
j:  1444
j:  1445
j:  1446
j:  1447
j:  1448
j:  1449
j:  1450
j:  1451
j:  1452
j:  1453
j:  1454
j:  1455
j:  1456
j:  1457
j:  1458
j:  1459
j:  1460
j:  1461
j:  1462
j:  1463
j:  1464
j:  1465
j:  1466
j:  1467
j:  1468
j:  1469
j:  1470
j:  1471
j:  1472
j:  1473
j:  1474
j:  1475
j:  1476
j:  1477
j:  1478
j:  1479
j:  1480
j:  1481
j:  1482
j:  1483
j:  1484
j:  1485
j:  1486
j:  1487
j:  1488
j:  1489
j:  1490
j:  1491
j:  1492
j:  1493
j:  1494
j:  1495
j:  1496
j:  1497
j:  1498
j:  1499
j:  1500

-->batch:1500 loss_var:150.18, loss_nino:17.72, score:36.261
j:  1501
j:  1502
j:  1503
j:  1504
j:  1505
j:  1506
j:  1507
j:  1508
j:  1509
j:  1510
j:  1511
j:  1512
j:  1513
j:  1514
j:  1515
j:  1516
j:  1517
j:  1518
j:  1519
j:  1520
j:  1521
j:  1522
j:  1523
j:  1524
j:  1525
j:  1526
j:  1527
j:  1528
j:  1529
j:  1530
j:  1531
j:  1532
j:  1533
j:  1534
j:  1535
j:  1536
j:  1537
j:  1538
j:  1539
j:  1540
j:  1541
j:  1542
j:  1543
j:  1544
j:  1545
j:  1546
j:  1547
j:  1548
j:  1549
j:  1550
j:  1551
j:  1552
j:  1553
j:  1554
j:  1555
j:  1556
j:  1557
j:  1558
j:  1559
j:  1560
j:  1561
j:  1562
j:  1563
j:  1564
j:  1565
j:  1566
j:  1567
j:  1568
j:  1569
j:  1570
j:  1571
j:  1572
j:  1573
j:  1574
j:  1575
j:  1576
j:  1577
j:  1578
j:  1579
j:  1580
j:  1581
j:  1582
j:  1583
j:  1584
j:  1585
j:  1586
j:  1587
j:  1588
j:  1589
j:  1590
j:  1591
j:  1592
j:  1593
j:  1594
j:  1595
j:  1596
j:  1597
j:  1598
j:  1599
-->Evaluation... 
loss_var:169.900 
loss_nino:19.583 
loss_com:0.445 
score:2.023
j:  1600

-->batch:1600 loss_var:148.76, loss_nino:20.93, score:19.808
j:  1601
j:  1602
j:  1603
j:  1604
j:  1605
j:  1606
j:  1607
j:  1608
j:  1609
j:  1610
j:  1611
j:  1612
j:  1613
j:  1614
j:  1615
j:  1616
j:  1617
j:  1618
j:  1619
j:  1620
j:  1621
j:  1622
j:  1623
j:  1624

-->epoch9 end... 
loss_var:175.280 
loss_nino:22.738 
loss_com:0.461 
score: -5.140

sc is not increase for 2 epoch
================================================================================

-->epoch: 10
j:  0

-->batch:0 loss_var:157.95, loss_nino:23.12, score:34.933
j:  1
j:  2
j:  3
j:  4
j:  5
j:  6
j:  7
j:  8
j:  9
j:  10
j:  11
j:  12
j:  13
j:  14
j:  15
j:  16
j:  17
j:  18
j:  19
j:  20
j:  21
j:  22
j:  23
j:  24
j:  25
j:  26
j:  27
j:  28
j:  29
j:  30
j:  31
j:  32
j:  33
j:  34
j:  35
j:  36
j:  37
j:  38
j:  39
j:  40
j:  41
j:  42
j:  43
j:  44
j:  45
j:  46
j:  47
j:  48
j:  49
j:  50
j:  51
j:  52
j:  53
j:  54
j:  55
j:  56
j:  57
j:  58
j:  59
j:  60
j:  61
j:  62
j:  63
j:  64
j:  65
j:  66
j:  67
j:  68
j:  69
j:  70
j:  71
j:  72
j:  73
j:  74
j:  75
j:  76
j:  77
j:  78
j:  79
j:  80
j:  81
j:  82
j:  83
j:  84
j:  85
j:  86
j:  87
j:  88
j:  89
j:  90
j:  91
j:  92
j:  93
j:  94
j:  95
j:  96
j:  97
j:  98
j:  99
j:  100

-->batch:100 loss_var:148.20, loss_nino:18.77, score:42.893
j:  101
j:  102
j:  103
j:  104
j:  105
j:  106
j:  107
j:  108
j:  109
j:  110
j:  111
j:  112
j:  113
j:  114
j:  115
j:  116
j:  117
j:  118
j:  119
j:  120
j:  121
j:  122
j:  123
j:  124
j:  125
j:  126
j:  127
j:  128
j:  129
j:  130
j:  131
j:  132
j:  133
j:  134
j:  135
j:  136
j:  137
j:  138
j:  139
j:  140
j:  141
j:  142
j:  143
j:  144
j:  145
j:  146
j:  147
j:  148
j:  149
j:  150
j:  151
j:  152
j:  153
j:  154
j:  155
j:  156
j:  157
j:  158
j:  159
j:  160
j:  161
j:  162
j:  163
j:  164
j:  165
j:  166
j:  167
j:  168
j:  169
j:  170
j:  171
j:  172
j:  173
j:  174
j:  175
j:  176
j:  177
j:  178
j:  179
j:  180
j:  181
j:  182
j:  183
j:  184
j:  185
j:  186
j:  187
j:  188
j:  189
j:  190
j:  191
j:  192
j:  193
j:  194
j:  195
j:  196
j:  197
j:  198
j:  199
-->Evaluation... 
loss_var:173.776 
loss_nino:21.190 
loss_com:0.459 
score:-2.219
j:  200

-->batch:200 loss_var:157.08, loss_nino:24.87, score:20.029
j:  201
j:  202
j:  203
j:  204
j:  205
j:  206
j:  207
j:  208
j:  209
j:  210
j:  211
j:  212
j:  213
j:  214
j:  215
j:  216
j:  217
j:  218
j:  219
j:  220
j:  221
j:  222
j:  223
j:  224
j:  225
j:  226
j:  227
j:  228
j:  229
j:  230
j:  231
j:  232
j:  233
j:  234
j:  235
j:  236
j:  237
j:  238
j:  239
j:  240
j:  241
j:  242
j:  243
j:  244
j:  245
j:  246
j:  247
j:  248
j:  249
j:  250
j:  251
j:  252
j:  253
j:  254
j:  255
j:  256
j:  257
j:  258
j:  259
j:  260
j:  261
j:  262
j:  263
j:  264
j:  265
j:  266
j:  267
j:  268
j:  269
j:  270
j:  271
j:  272
j:  273
j:  274
j:  275
j:  276
j:  277
j:  278
j:  279
j:  280
j:  281
j:  282
j:  283
j:  284
j:  285
j:  286
j:  287
j:  288
j:  289
j:  290
j:  291
j:  292
j:  293
j:  294
j:  295
j:  296
j:  297
j:  298
j:  299
j:  300

-->batch:300 loss_var:148.54, loss_nino:20.70, score:29.191
j:  301
j:  302
j:  303
j:  304
j:  305
j:  306
j:  307
j:  308
j:  309
j:  310
j:  311
j:  312
j:  313
j:  314
j:  315
j:  316
j:  317
j:  318
j:  319
j:  320
j:  321
j:  322
j:  323
j:  324
j:  325
j:  326
j:  327
j:  328
j:  329
j:  330
j:  331
j:  332
j:  333
j:  334
j:  335
j:  336
j:  337
j:  338
j:  339
j:  340
j:  341
j:  342
j:  343
j:  344
j:  345
j:  346
j:  347
j:  348
j:  349
j:  350
j:  351
j:  352
j:  353
j:  354
j:  355
j:  356
j:  357
j:  358
j:  359
j:  360
j:  361
j:  362
j:  363
j:  364
j:  365
j:  366
j:  367
j:  368
j:  369
j:  370
j:  371
j:  372
j:  373
j:  374
j:  375
j:  376
j:  377
j:  378
j:  379
j:  380
j:  381
j:  382
j:  383
j:  384
j:  385
j:  386
j:  387
j:  388
j:  389
j:  390
j:  391
j:  392
j:  393
j:  394
j:  395
j:  396
j:  397
j:  398
j:  399
-->Evaluation... 
loss_var:172.398 
loss_nino:21.324 
loss_com:0.454 
score:1.303
j:  400

-->batch:400 loss_var:155.19, loss_nino:23.08, score:22.367
j:  401
j:  402
j:  403
j:  404
j:  405
j:  406
j:  407
j:  408
j:  409
j:  410
j:  411
j:  412
j:  413
j:  414
j:  415
j:  416
j:  417
j:  418
j:  419
j:  420
j:  421
j:  422
j:  423
j:  424
j:  425
j:  426
j:  427
j:  428
j:  429
j:  430
j:  431
j:  432
j:  433
j:  434
j:  435
j:  436
j:  437
j:  438
j:  439
j:  440
j:  441
j:  442
j:  443
j:  444
j:  445
j:  446
j:  447
j:  448
j:  449
j:  450
j:  451
j:  452
j:  453
j:  454
j:  455
j:  456
j:  457
j:  458
j:  459
j:  460
j:  461
j:  462
j:  463
j:  464
j:  465
j:  466
j:  467
j:  468
j:  469
j:  470
j:  471
j:  472
j:  473
j:  474
j:  475
j:  476
j:  477
j:  478
j:  479
j:  480
j:  481
j:  482
j:  483
j:  484
j:  485
j:  486
j:  487
j:  488
j:  489
j:  490
j:  491
j:  492
j:  493
j:  494
j:  495
j:  496
j:  497
j:  498
j:  499
j:  500

-->batch:500 loss_var:156.53, loss_nino:20.97, score:30.700
j:  501
j:  502
j:  503
j:  504
j:  505
j:  506
j:  507
j:  508
j:  509
j:  510
j:  511
j:  512
j:  513
j:  514
j:  515
j:  516
j:  517
j:  518
j:  519
j:  520
j:  521
j:  522
j:  523
j:  524
j:  525
j:  526
j:  527
j:  528
j:  529
j:  530
j:  531
j:  532
j:  533
j:  534
j:  535
j:  536
j:  537
j:  538
j:  539
j:  540
j:  541
j:  542
j:  543
j:  544
j:  545
j:  546
j:  547
j:  548
j:  549
j:  550
j:  551
j:  552
j:  553
j:  554
j:  555
j:  556
j:  557
j:  558
j:  559
j:  560
j:  561
j:  562
j:  563
j:  564
j:  565
j:  566
j:  567
j:  568
j:  569
j:  570
j:  571
j:  572
j:  573
j:  574
j:  575
j:  576
j:  577
j:  578
j:  579
j:  580
j:  581
j:  582
j:  583
j:  584
j:  585
j:  586
j:  587
j:  588
j:  589
j:  590
j:  591
j:  592
j:  593
j:  594
j:  595
j:  596
j:  597
j:  598
j:  599
-->Evaluation... 
loss_var:170.824 
loss_nino:20.708 
loss_com:0.448 
score:-1.264
j:  600

-->batch:600 loss_var:162.89, loss_nino:19.99, score:29.939
j:  601
j:  602
j:  603
j:  604
j:  605
j:  606
j:  607
j:  608
j:  609
j:  610
j:  611
j:  612
j:  613
j:  614
j:  615
j:  616
j:  617
j:  618
j:  619
j:  620
j:  621
j:  622
j:  623
j:  624
j:  625
j:  626
j:  627
j:  628
j:  629
j:  630
j:  631
j:  632
j:  633
j:  634
j:  635
j:  636
j:  637
j:  638
j:  639
j:  640
j:  641
j:  642
j:  643
j:  644
j:  645
j:  646
j:  647
j:  648
j:  649
j:  650
j:  651
j:  652
j:  653
j:  654
j:  655
j:  656
j:  657
j:  658
j:  659
j:  660
j:  661
j:  662
j:  663
j:  664
j:  665
j:  666
j:  667
j:  668
j:  669
j:  670
j:  671
j:  672
j:  673
j:  674
j:  675
j:  676
j:  677
j:  678
j:  679
j:  680
j:  681
j:  682
j:  683
j:  684
j:  685
j:  686
j:  687
j:  688
j:  689
j:  690
j:  691
j:  692
j:  693
j:  694
j:  695
j:  696
j:  697
j:  698
j:  699
j:  700

-->batch:700 loss_var:164.64, loss_nino:26.18, score:-13.274
j:  701
j:  702
j:  703
j:  704
j:  705
j:  706
j:  707
j:  708
j:  709
j:  710
j:  711
j:  712
j:  713
j:  714
j:  715
j:  716
j:  717
j:  718
j:  719
j:  720
j:  721
j:  722
j:  723
j:  724
j:  725
j:  726
j:  727
j:  728
j:  729
j:  730
j:  731
j:  732
j:  733
j:  734
j:  735
j:  736
j:  737
j:  738
j:  739
j:  740
j:  741
j:  742
j:  743
j:  744
j:  745
j:  746
j:  747
j:  748
j:  749
j:  750
j:  751
j:  752
j:  753
j:  754
j:  755
j:  756
j:  757
j:  758
j:  759
j:  760
j:  761
j:  762
j:  763
j:  764
j:  765
j:  766
j:  767
j:  768
j:  769
j:  770
j:  771
j:  772
j:  773
j:  774
j:  775
j:  776
j:  777
j:  778
j:  779
j:  780
j:  781
j:  782
j:  783
j:  784
j:  785
j:  786
j:  787
j:  788
j:  789
j:  790
j:  791
j:  792
j:  793
j:  794
j:  795
j:  796
j:  797
j:  798
j:  799
-->Evaluation... 
loss_var:173.420 
loss_nino:21.520 
loss_com:0.455 
score:-1.301
j:  800

-->batch:800 loss_var:140.96, loss_nino:17.37, score:43.371
j:  801
j:  802
j:  803
j:  804
j:  805
j:  806
j:  807
j:  808
j:  809
j:  810
j:  811
j:  812
j:  813
j:  814
j:  815
j:  816
j:  817
j:  818
j:  819
j:  820
j:  821
j:  822
j:  823
j:  824
j:  825
j:  826
j:  827
j:  828
j:  829
j:  830
j:  831
j:  832
j:  833
j:  834
j:  835
j:  836
j:  837
j:  838
j:  839
j:  840
j:  841
j:  842
j:  843
j:  844
j:  845
j:  846
j:  847
j:  848
j:  849
j:  850
j:  851
j:  852
j:  853
j:  854
j:  855
j:  856
j:  857
j:  858
j:  859
j:  860
j:  861
j:  862
j:  863
j:  864
j:  865
j:  866
j:  867
j:  868
j:  869
j:  870
j:  871
j:  872
j:  873
j:  874
j:  875
j:  876
j:  877
j:  878
j:  879
j:  880
j:  881
j:  882
j:  883
j:  884
j:  885
j:  886
j:  887
j:  888
j:  889
j:  890
j:  891
j:  892
j:  893
j:  894
j:  895
j:  896
j:  897
j:  898
j:  899
j:  900

-->batch:900 loss_var:146.06, loss_nino:18.01, score:35.482
j:  901
j:  902
j:  903
j:  904
j:  905
j:  906
j:  907
j:  908
j:  909
j:  910
j:  911
j:  912
j:  913
j:  914
j:  915
j:  916
j:  917
j:  918
j:  919
j:  920
j:  921
j:  922
j:  923
j:  924
j:  925
j:  926
j:  927
j:  928
j:  929
j:  930
j:  931
j:  932
j:  933
j:  934
j:  935
j:  936
j:  937
j:  938
j:  939
j:  940
j:  941
j:  942
j:  943
j:  944
j:  945
j:  946
j:  947
j:  948
j:  949
j:  950
j:  951
j:  952
j:  953
j:  954
j:  955
j:  956
j:  957
j:  958
j:  959
j:  960
j:  961
j:  962
j:  963
j:  964
j:  965
j:  966
j:  967
j:  968
j:  969
j:  970
j:  971
j:  972
j:  973
j:  974
j:  975
j:  976
j:  977
j:  978
j:  979
j:  980
j:  981
j:  982
j:  983
j:  984
j:  985
j:  986
j:  987
j:  988
j:  989
j:  990
j:  991
j:  992
j:  993
j:  994
j:  995
j:  996
j:  997
j:  998
j:  999
-->Evaluation... 
loss_var:172.986 
loss_nino:21.709 
loss_com:0.454 
score:-1.660
j:  1000

-->batch:1000 loss_var:137.51, loss_nino:15.36, score:33.069
j:  1001
j:  1002
j:  1003
j:  1004
j:  1005
j:  1006
j:  1007
j:  1008
j:  1009
j:  1010
j:  1011
j:  1012
j:  1013
j:  1014
j:  1015
j:  1016
j:  1017
j:  1018
j:  1019
j:  1020
j:  1021
j:  1022
j:  1023
j:  1024
j:  1025
j:  1026
j:  1027
j:  1028
j:  1029
j:  1030
j:  1031
j:  1032
j:  1033
j:  1034
j:  1035
j:  1036
j:  1037
j:  1038
j:  1039
j:  1040
j:  1041
j:  1042
j:  1043
j:  1044
j:  1045
j:  1046
j:  1047
j:  1048
j:  1049
j:  1050
j:  1051
j:  1052
j:  1053
j:  1054
j:  1055
j:  1056
j:  1057
j:  1058
j:  1059
j:  1060
j:  1061
j:  1062
j:  1063
j:  1064
j:  1065
j:  1066
j:  1067
j:  1068
j:  1069
j:  1070
j:  1071
j:  1072
j:  1073
j:  1074
j:  1075
j:  1076
j:  1077
j:  1078
j:  1079
j:  1080
j:  1081
j:  1082
j:  1083
j:  1084
j:  1085
j:  1086
j:  1087
j:  1088
j:  1089
j:  1090
j:  1091
j:  1092
j:  1093
j:  1094
j:  1095
j:  1096
j:  1097
j:  1098
j:  1099
j:  1100

-->batch:1100 loss_var:146.28, loss_nino:16.14, score:27.095
j:  1101
j:  1102
j:  1103
j:  1104
j:  1105
j:  1106
j:  1107
j:  1108
j:  1109
j:  1110
j:  1111
j:  1112
j:  1113
j:  1114
j:  1115
j:  1116
j:  1117
j:  1118
j:  1119
j:  1120
j:  1121
j:  1122
j:  1123
j:  1124
j:  1125
j:  1126
j:  1127
j:  1128
j:  1129
j:  1130
j:  1131
j:  1132
j:  1133
j:  1134
j:  1135
j:  1136
j:  1137
j:  1138
j:  1139
j:  1140
j:  1141
j:  1142
j:  1143
j:  1144
j:  1145
j:  1146
j:  1147
j:  1148
j:  1149
j:  1150
j:  1151
j:  1152
j:  1153
j:  1154
j:  1155
j:  1156
j:  1157
j:  1158
j:  1159
j:  1160
j:  1161
j:  1162
j:  1163
j:  1164
j:  1165
j:  1166
j:  1167
j:  1168
j:  1169
j:  1170
j:  1171
j:  1172
j:  1173
j:  1174
j:  1175
j:  1176
j:  1177
j:  1178
j:  1179
j:  1180
j:  1181
j:  1182
j:  1183
j:  1184
j:  1185
j:  1186
j:  1187
j:  1188
j:  1189
j:  1190
j:  1191
j:  1192
j:  1193
j:  1194
j:  1195
j:  1196
j:  1197
j:  1198
j:  1199
-->Evaluation... 
loss_var:169.830 
loss_nino:20.588 
loss_com:0.446 
score:-0.511
j:  1200

-->batch:1200 loss_var:150.87, loss_nino:19.36, score:46.401
j:  1201
j:  1202
j:  1203
j:  1204
j:  1205
j:  1206
j:  1207
j:  1208
j:  1209
j:  1210
j:  1211
j:  1212
j:  1213
j:  1214
j:  1215
j:  1216
j:  1217
j:  1218
j:  1219
j:  1220
j:  1221
j:  1222
j:  1223
j:  1224
j:  1225
j:  1226
j:  1227
j:  1228
j:  1229
j:  1230
j:  1231
j:  1232
j:  1233
j:  1234
j:  1235
j:  1236
j:  1237
j:  1238
j:  1239
j:  1240
j:  1241
j:  1242
j:  1243
j:  1244
j:  1245
j:  1246
j:  1247
j:  1248
j:  1249
j:  1250
j:  1251
j:  1252
j:  1253
j:  1254
j:  1255
j:  1256
j:  1257
j:  1258
j:  1259
j:  1260
j:  1261
j:  1262
j:  1263
j:  1264
j:  1265
j:  1266
j:  1267
j:  1268
j:  1269
j:  1270
j:  1271
j:  1272
j:  1273
j:  1274
j:  1275
j:  1276
j:  1277
j:  1278
j:  1279
j:  1280
j:  1281
j:  1282
j:  1283
j:  1284
j:  1285
j:  1286
j:  1287
j:  1288
j:  1289
j:  1290
j:  1291
j:  1292
j:  1293
j:  1294
j:  1295
j:  1296
j:  1297
j:  1298
j:  1299
j:  1300

-->batch:1300 loss_var:152.49, loss_nino:19.28, score:13.266
j:  1301
j:  1302
j:  1303
j:  1304
j:  1305
j:  1306
j:  1307
j:  1308
j:  1309
j:  1310
j:  1311
j:  1312
j:  1313
j:  1314
j:  1315
j:  1316
j:  1317
j:  1318
j:  1319
j:  1320
j:  1321
j:  1322
j:  1323
j:  1324
j:  1325
j:  1326
j:  1327
j:  1328
j:  1329
j:  1330
j:  1331
j:  1332
j:  1333
j:  1334
j:  1335
j:  1336
j:  1337
j:  1338
j:  1339
j:  1340
j:  1341
j:  1342
j:  1343
j:  1344
j:  1345
j:  1346
j:  1347
j:  1348
j:  1349
j:  1350
j:  1351
j:  1352
j:  1353
j:  1354
j:  1355
j:  1356
j:  1357
j:  1358
j:  1359
j:  1360
j:  1361
j:  1362
j:  1363
j:  1364
j:  1365
j:  1366
j:  1367
j:  1368
j:  1369
j:  1370
j:  1371
j:  1372
j:  1373
j:  1374
j:  1375
j:  1376
j:  1377
j:  1378
j:  1379
j:  1380
j:  1381
j:  1382
j:  1383
j:  1384
j:  1385
j:  1386
j:  1387
j:  1388
j:  1389
j:  1390
j:  1391
j:  1392
j:  1393
j:  1394
j:  1395
j:  1396
j:  1397
j:  1398
j:  1399
-->Evaluation... 
loss_var:175.506 
loss_nino:22.915 
loss_com:0.461 
score:-2.047
j:  1400

-->batch:1400 loss_var:144.39, loss_nino:18.56, score:37.586
j:  1401
j:  1402
j:  1403
j:  1404
j:  1405
j:  1406
j:  1407
j:  1408
j:  1409
j:  1410
j:  1411
j:  1412
j:  1413
j:  1414
j:  1415
j:  1416
j:  1417
j:  1418
j:  1419
j:  1420
j:  1421
j:  1422
j:  1423
j:  1424
j:  1425
j:  1426
j:  1427
j:  1428
j:  1429
j:  1430
j:  1431
j:  1432
j:  1433
j:  1434
j:  1435
j:  1436
j:  1437
j:  1438
j:  1439
j:  1440
j:  1441
j:  1442
j:  1443
j:  1444
j:  1445
j:  1446
j:  1447
j:  1448
j:  1449
j:  1450
j:  1451
j:  1452
j:  1453
j:  1454
j:  1455
j:  1456
j:  1457
j:  1458
j:  1459
j:  1460
j:  1461
j:  1462
j:  1463
j:  1464
j:  1465
j:  1466
j:  1467
j:  1468
j:  1469
j:  1470
j:  1471
j:  1472
j:  1473
j:  1474
j:  1475
j:  1476
j:  1477
j:  1478
j:  1479
j:  1480
j:  1481
j:  1482
j:  1483
j:  1484
j:  1485
j:  1486
j:  1487
j:  1488
j:  1489
j:  1490
j:  1491
j:  1492
j:  1493
j:  1494
j:  1495
j:  1496
j:  1497
j:  1498
j:  1499
j:  1500

-->batch:1500 loss_var:151.85, loss_nino:21.06, score:23.389
j:  1501
j:  1502
j:  1503
j:  1504
j:  1505
j:  1506
j:  1507
j:  1508
j:  1509
j:  1510
j:  1511
j:  1512
j:  1513
j:  1514
j:  1515
j:  1516
j:  1517
j:  1518
j:  1519
j:  1520
j:  1521
j:  1522
j:  1523
j:  1524
j:  1525
j:  1526
j:  1527
j:  1528
j:  1529
j:  1530
j:  1531
j:  1532
j:  1533
j:  1534
j:  1535
j:  1536
j:  1537
j:  1538
j:  1539
j:  1540
j:  1541
j:  1542
j:  1543
j:  1544
j:  1545
j:  1546
j:  1547
j:  1548
j:  1549
j:  1550
j:  1551
j:  1552
j:  1553
j:  1554
j:  1555
j:  1556
j:  1557
j:  1558
j:  1559
j:  1560
j:  1561
j:  1562
j:  1563
j:  1564
j:  1565
j:  1566
j:  1567
j:  1568
j:  1569
j:  1570
j:  1571
j:  1572
j:  1573
j:  1574
j:  1575
j:  1576
j:  1577
j:  1578
j:  1579
j:  1580
j:  1581
j:  1582
j:  1583
j:  1584
j:  1585
j:  1586
j:  1587
j:  1588
j:  1589
j:  1590
j:  1591
j:  1592
j:  1593
j:  1594
j:  1595
j:  1596
j:  1597
j:  1598
j:  1599
-->Evaluation... 
loss_var:174.280 
loss_nino:21.924 
loss_com:0.459 
score:-1.617
j:  1600

-->batch:1600 loss_var:139.33, loss_nino:18.32, score:31.832
j:  1601
j:  1602
j:  1603
j:  1604
j:  1605
j:  1606
j:  1607
j:  1608
j:  1609
j:  1610
j:  1611
j:  1612
j:  1613
j:  1614
j:  1615
j:  1616
j:  1617
j:  1618
j:  1619
j:  1620
j:  1621
j:  1622
j:  1623
j:  1624

-->epoch10 end... 
loss_var:172.117 
loss_nino:21.137 
loss_com:0.452 
score: -3.564

sc is not increase for 3 epoch
================================================================================

-->epoch: 11
j:  0

-->batch:0 loss_var:163.47, loss_nino:23.74, score:39.327
j:  1
j:  2
j:  3
j:  4
j:  5
j:  6
j:  7
j:  8
j:  9
j:  10
j:  11
j:  12
j:  13
j:  14
j:  15
j:  16
j:  17
j:  18
j:  19
j:  20
j:  21
j:  22
j:  23
j:  24
j:  25
j:  26
j:  27
j:  28
j:  29
j:  30
j:  31
j:  32
j:  33
j:  34
j:  35
j:  36
j:  37
j:  38
j:  39
j:  40
j:  41
j:  42
j:  43
j:  44
j:  45
j:  46
j:  47
j:  48
j:  49
j:  50
j:  51
j:  52
j:  53
j:  54
j:  55
j:  56
j:  57
j:  58
j:  59
j:  60
j:  61
j:  62
j:  63
j:  64
j:  65
j:  66
j:  67
j:  68
j:  69
j:  70
j:  71
j:  72
j:  73
j:  74
j:  75
j:  76
j:  77
j:  78
j:  79
j:  80
j:  81
j:  82
j:  83
j:  84
j:  85
j:  86
j:  87
j:  88
j:  89
j:  90
j:  91
j:  92
j:  93
j:  94
j:  95
j:  96
j:  97
j:  98
j:  99
j:  100

-->batch:100 loss_var:144.44, loss_nino:19.23, score:11.048
j:  101
j:  102
j:  103
j:  104
j:  105
j:  106
j:  107
j:  108
j:  109
j:  110
j:  111
j:  112
j:  113
j:  114
j:  115
j:  116
j:  117
j:  118
j:  119
j:  120
j:  121
j:  122
j:  123
j:  124
j:  125
j:  126
j:  127
j:  128
j:  129
j:  130
j:  131
j:  132
j:  133
j:  134
j:  135
j:  136
j:  137
j:  138
j:  139
j:  140
j:  141
j:  142
j:  143
j:  144
j:  145
j:  146
j:  147
j:  148
j:  149
j:  150
j:  151
j:  152
j:  153
j:  154
j:  155
j:  156
j:  157
j:  158
j:  159
j:  160
j:  161
j:  162
j:  163
j:  164
j:  165
j:  166
j:  167
j:  168
j:  169
j:  170
j:  171
j:  172
j:  173
j:  174
j:  175
j:  176
j:  177
j:  178
j:  179
j:  180
j:  181
j:  182
j:  183
j:  184
j:  185
j:  186
j:  187
j:  188
j:  189
j:  190
j:  191
j:  192
j:  193
j:  194
j:  195
j:  196
j:  197
j:  198
j:  199
-->Evaluation... 
loss_var:175.647 
loss_nino:22.130 
loss_com:0.463 
score:-3.357
j:  200

-->batch:200 loss_var:146.13, loss_nino:21.42, score:29.417
j:  201
j:  202
j:  203
j:  204
j:  205
j:  206
j:  207
j:  208
j:  209
j:  210
j:  211
j:  212
j:  213
j:  214
j:  215
j:  216
j:  217
j:  218
j:  219
j:  220
j:  221
j:  222
j:  223
j:  224
j:  225
j:  226
j:  227
j:  228
j:  229
j:  230
j:  231
j:  232
j:  233
j:  234
j:  235
j:  236
j:  237
j:  238
j:  239
j:  240
j:  241
j:  242
j:  243
j:  244
j:  245
j:  246
j:  247
j:  248
j:  249
j:  250
j:  251
j:  252
j:  253
j:  254
j:  255
j:  256
j:  257
j:  258
j:  259
j:  260
j:  261
j:  262
j:  263
j:  264
j:  265
j:  266
j:  267
j:  268
j:  269
j:  270
j:  271
j:  272
j:  273
j:  274
j:  275
j:  276
j:  277
j:  278
j:  279
j:  280
j:  281
j:  282
j:  283
j:  284
j:  285
j:  286
j:  287
j:  288
j:  289
j:  290
j:  291
j:  292
j:  293
j:  294
j:  295
j:  296
j:  297
j:  298
j:  299
j:  300

-->batch:300 loss_var:134.92, loss_nino:17.77, score:15.112
j:  301
j:  302
j:  303
j:  304
j:  305
j:  306
j:  307
j:  308
j:  309
j:  310
j:  311
j:  312
j:  313
j:  314
j:  315
j:  316
j:  317
j:  318
j:  319
j:  320
j:  321
j:  322
j:  323
j:  324
j:  325
j:  326
j:  327
j:  328
j:  329
j:  330
j:  331
j:  332
j:  333
j:  334
j:  335
j:  336
j:  337
j:  338
j:  339
j:  340
j:  341
j:  342
j:  343
j:  344
j:  345
j:  346
j:  347
j:  348
j:  349
j:  350
j:  351
j:  352
j:  353
j:  354
j:  355
j:  356
j:  357
j:  358
j:  359
j:  360
j:  361
j:  362
j:  363
j:  364
j:  365
j:  366
j:  367
j:  368
j:  369
j:  370
j:  371
j:  372
j:  373
j:  374
j:  375
j:  376
j:  377
j:  378
j:  379
j:  380
j:  381
j:  382
j:  383
j:  384
j:  385
j:  386
j:  387
j:  388
j:  389
j:  390
j:  391
j:  392
j:  393
j:  394
j:  395
j:  396
j:  397
j:  398
j:  399
-->Evaluation... 
loss_var:173.260 
loss_nino:21.959 
loss_com:0.456 
score:-3.064
j:  400

-->batch:400 loss_var:141.92, loss_nino:15.60, score:25.385
j:  401
j:  402
j:  403
j:  404
j:  405
j:  406
j:  407
j:  408
j:  409
j:  410
j:  411
j:  412
j:  413
j:  414
j:  415
j:  416
j:  417
j:  418
j:  419
j:  420
j:  421
j:  422
j:  423
j:  424
j:  425
j:  426
j:  427
j:  428
j:  429
j:  430
j:  431
j:  432
j:  433
j:  434
j:  435
j:  436
j:  437
j:  438
j:  439
j:  440
j:  441
j:  442
j:  443
j:  444
j:  445
j:  446
j:  447
j:  448
j:  449
j:  450
j:  451
j:  452
j:  453
j:  454
j:  455
j:  456
j:  457
j:  458
j:  459
j:  460
j:  461
j:  462
j:  463
j:  464
j:  465
j:  466
j:  467
j:  468
j:  469
j:  470
j:  471
j:  472
j:  473
j:  474
j:  475
j:  476
j:  477
j:  478
j:  479
j:  480
j:  481
j:  482
j:  483
j:  484
j:  485
j:  486
j:  487
j:  488
j:  489
j:  490
j:  491
j:  492
j:  493
j:  494
j:  495
j:  496
j:  497
j:  498
j:  499
j:  500

-->batch:500 loss_var:143.57, loss_nino:15.58, score:51.300
j:  501
j:  502
j:  503
j:  504
j:  505
j:  506
j:  507
j:  508
j:  509
j:  510
j:  511
j:  512
j:  513
j:  514
j:  515
j:  516
j:  517
j:  518
j:  519
j:  520
j:  521
j:  522
j:  523
j:  524
j:  525
j:  526
j:  527
j:  528
j:  529
j:  530
j:  531
j:  532
j:  533
j:  534
j:  535
j:  536
j:  537
j:  538
j:  539
j:  540
j:  541
j:  542
j:  543
j:  544
j:  545
j:  546
j:  547
j:  548
j:  549
j:  550
j:  551
j:  552
j:  553
j:  554
j:  555
j:  556
j:  557
j:  558
j:  559
j:  560
j:  561
j:  562
j:  563
j:  564
j:  565
j:  566
j:  567
j:  568
j:  569
j:  570
j:  571
j:  572
j:  573
j:  574
j:  575
j:  576
j:  577
j:  578
j:  579
j:  580
j:  581
j:  582
j:  583
j:  584
j:  585
j:  586
j:  587
j:  588
j:  589
j:  590
j:  591
j:  592
j:  593
j:  594
j:  595
j:  596
j:  597
j:  598
j:  599
-->Evaluation... 
loss_var:175.155 
loss_nino:21.785 
loss_com:0.460 
score:0.901
j:  600

-->batch:600 loss_var:140.50, loss_nino:18.65, score:13.762
j:  601
j:  602
j:  603
j:  604
j:  605
j:  606
j:  607
j:  608
j:  609
j:  610
j:  611
j:  612
j:  613
j:  614
j:  615
j:  616
j:  617
j:  618
j:  619
j:  620
j:  621
j:  622
j:  623
j:  624
j:  625
j:  626
j:  627
j:  628
j:  629
j:  630
j:  631
j:  632
j:  633
j:  634
j:  635
j:  636
j:  637
j:  638
j:  639
j:  640
j:  641
j:  642
j:  643
j:  644
j:  645
j:  646
j:  647
j:  648
j:  649
j:  650
j:  651
j:  652
j:  653
j:  654
j:  655
j:  656
j:  657
j:  658
j:  659
j:  660
j:  661
j:  662
j:  663
j:  664
j:  665
j:  666
j:  667
j:  668
j:  669
j:  670
j:  671
j:  672
j:  673
j:  674
j:  675
j:  676
j:  677
j:  678
j:  679
j:  680
j:  681
j:  682
j:  683
j:  684
j:  685
j:  686
j:  687
j:  688
j:  689
j:  690
j:  691
j:  692
j:  693
j:  694
j:  695
j:  696
j:  697
j:  698
j:  699
j:  700

-->batch:700 loss_var:148.77, loss_nino:19.03, score:39.572
j:  701
j:  702
j:  703
j:  704
j:  705
j:  706
j:  707
j:  708
j:  709
j:  710
j:  711
j:  712
j:  713
j:  714
j:  715
j:  716
j:  717
j:  718
j:  719
j:  720
j:  721
j:  722
j:  723
j:  724
j:  725
j:  726
j:  727
j:  728
j:  729
j:  730
j:  731
j:  732
j:  733
j:  734
j:  735
j:  736
j:  737
j:  738
j:  739
j:  740
j:  741
j:  742
j:  743
j:  744
j:  745
j:  746
j:  747
j:  748
j:  749
j:  750
j:  751
j:  752
j:  753
j:  754
j:  755
j:  756
j:  757
j:  758
j:  759
j:  760
j:  761
j:  762
j:  763
j:  764
j:  765
j:  766
j:  767
j:  768
j:  769
j:  770
j:  771
j:  772
j:  773
j:  774
j:  775
j:  776
j:  777
j:  778
j:  779
j:  780
j:  781
j:  782
j:  783
j:  784
j:  785
j:  786
j:  787
j:  788
j:  789
j:  790
j:  791
j:  792
j:  793
j:  794
j:  795
j:  796
j:  797
j:  798
j:  799
-->Evaluation... 
loss_var:172.938 
loss_nino:20.799 
loss_com:0.453 
score:3.069

saving model...
j:  800

-->batch:800 loss_var:145.70, loss_nino:19.12, score:44.209
j:  801
j:  802
j:  803
j:  804
j:  805
j:  806
j:  807
j:  808
j:  809
j:  810
j:  811
j:  812
j:  813
j:  814
j:  815
j:  816
j:  817
j:  818
j:  819
j:  820
j:  821
j:  822
j:  823
j:  824
j:  825
j:  826
j:  827
j:  828
j:  829
j:  830
j:  831
j:  832
j:  833
j:  834
j:  835
j:  836
j:  837
j:  838
j:  839
j:  840
j:  841
j:  842
j:  843
j:  844
j:  845
j:  846
j:  847
j:  848
j:  849
j:  850
j:  851
j:  852
j:  853
j:  854
j:  855
j:  856
j:  857
j:  858
j:  859
j:  860
j:  861
j:  862
j:  863
j:  864
j:  865
j:  866
j:  867
j:  868
j:  869
j:  870
j:  871
j:  872
j:  873
j:  874
j:  875
j:  876
j:  877
j:  878
j:  879
j:  880
j:  881
j:  882
j:  883
j:  884
j:  885
j:  886
j:  887
j:  888
j:  889
j:  890
j:  891
j:  892
j:  893
j:  894
j:  895
j:  896
j:  897
j:  898
j:  899
j:  900

-->batch:900 loss_var:156.57, loss_nino:22.23, score:25.581
j:  901
j:  902
j:  903
j:  904
j:  905
j:  906
j:  907
j:  908
j:  909
j:  910
j:  911
j:  912
j:  913
j:  914
j:  915
j:  916
j:  917
j:  918
j:  919
j:  920
j:  921
j:  922
j:  923
j:  924
j:  925
j:  926
j:  927
j:  928
j:  929
j:  930
j:  931
j:  932
j:  933
j:  934
j:  935
j:  936
j:  937
j:  938
j:  939
j:  940
j:  941
j:  942
j:  943
j:  944
j:  945
j:  946
j:  947
j:  948
j:  949
j:  950
j:  951
j:  952
j:  953
j:  954
j:  955
j:  956
j:  957
j:  958
j:  959
j:  960
j:  961
j:  962
j:  963
j:  964
j:  965
j:  966
j:  967
j:  968
j:  969
j:  970
j:  971
j:  972
j:  973
j:  974
j:  975
j:  976
j:  977
j:  978
j:  979
j:  980
j:  981
j:  982
j:  983
j:  984
j:  985
j:  986
j:  987
j:  988
j:  989
j:  990
j:  991
j:  992
j:  993
j:  994
j:  995
j:  996
j:  997
j:  998
j:  999
-->Evaluation... 
loss_var:175.153 
loss_nino:21.978 
loss_com:0.460 
score:-3.510
j:  1000

-->batch:1000 loss_var:168.69, loss_nino:27.19, score:-5.422
j:  1001
j:  1002
j:  1003
j:  1004
j:  1005
j:  1006
j:  1007
j:  1008
j:  1009
j:  1010
j:  1011
j:  1012
j:  1013
j:  1014
j:  1015
j:  1016
j:  1017
j:  1018
j:  1019
j:  1020
j:  1021
j:  1022
j:  1023
j:  1024
j:  1025
j:  1026
j:  1027
j:  1028
j:  1029
j:  1030
j:  1031
j:  1032
j:  1033
j:  1034
j:  1035
j:  1036
j:  1037
j:  1038
j:  1039
j:  1040
j:  1041
j:  1042
j:  1043
j:  1044
j:  1045
j:  1046
j:  1047
j:  1048
j:  1049
j:  1050
j:  1051
j:  1052
j:  1053
j:  1054
j:  1055
j:  1056
j:  1057
j:  1058
j:  1059
j:  1060
j:  1061
j:  1062
j:  1063
j:  1064
j:  1065
j:  1066
j:  1067
j:  1068
j:  1069
j:  1070
j:  1071
j:  1072
j:  1073
j:  1074
j:  1075
j:  1076
j:  1077
j:  1078
j:  1079
j:  1080
j:  1081
j:  1082
j:  1083
j:  1084
j:  1085
j:  1086
j:  1087
j:  1088
j:  1089
j:  1090
j:  1091
j:  1092
j:  1093
j:  1094
j:  1095
j:  1096
j:  1097
j:  1098
j:  1099
j:  1100

-->batch:1100 loss_var:148.35, loss_nino:18.87, score:24.687
j:  1101
j:  1102
j:  1103
j:  1104
j:  1105
j:  1106
j:  1107
j:  1108
j:  1109
j:  1110
j:  1111
j:  1112
j:  1113
j:  1114
j:  1115
j:  1116
j:  1117
j:  1118
j:  1119
j:  1120
j:  1121
j:  1122
j:  1123
j:  1124
j:  1125
j:  1126
j:  1127
j:  1128
j:  1129
j:  1130
j:  1131
j:  1132
j:  1133
j:  1134
j:  1135
j:  1136
j:  1137
j:  1138
j:  1139
j:  1140
j:  1141
j:  1142
j:  1143
j:  1144
j:  1145
j:  1146
j:  1147
j:  1148
j:  1149
j:  1150
j:  1151
j:  1152
j:  1153
j:  1154
j:  1155
j:  1156
j:  1157
j:  1158
j:  1159
j:  1160
j:  1161
j:  1162
j:  1163
j:  1164
j:  1165
j:  1166
j:  1167
j:  1168
j:  1169
j:  1170
j:  1171
j:  1172
j:  1173
j:  1174
j:  1175
j:  1176
j:  1177
j:  1178
j:  1179
j:  1180
j:  1181
j:  1182
j:  1183
j:  1184
j:  1185
j:  1186
j:  1187
j:  1188
j:  1189
j:  1190
j:  1191
j:  1192
j:  1193
j:  1194
j:  1195
j:  1196
j:  1197
j:  1198
j:  1199
-->Evaluation... 
loss_var:171.550 
loss_nino:20.992 
loss_com:0.451 
score:-3.534
j:  1200

-->batch:1200 loss_var:147.74, loss_nino:18.73, score:18.056
j:  1201
j:  1202
j:  1203
j:  1204
j:  1205
j:  1206
j:  1207
j:  1208
j:  1209
j:  1210
j:  1211
j:  1212
j:  1213
j:  1214
j:  1215
j:  1216
j:  1217
j:  1218
j:  1219
j:  1220
j:  1221
j:  1222
j:  1223
j:  1224
j:  1225
j:  1226
j:  1227
j:  1228
j:  1229
j:  1230
j:  1231
j:  1232
j:  1233
j:  1234
j:  1235
j:  1236
j:  1237
j:  1238
j:  1239
j:  1240
j:  1241
j:  1242
j:  1243
j:  1244
j:  1245
j:  1246
j:  1247
j:  1248
j:  1249
j:  1250
j:  1251
j:  1252
j:  1253
j:  1254
j:  1255
j:  1256
j:  1257
j:  1258
j:  1259
j:  1260
j:  1261
j:  1262
j:  1263
j:  1264
j:  1265
j:  1266
j:  1267
j:  1268
j:  1269
j:  1270
j:  1271
j:  1272
j:  1273
j:  1274
j:  1275
j:  1276
j:  1277
j:  1278
j:  1279
j:  1280
j:  1281
j:  1282
j:  1283
j:  1284
j:  1285
j:  1286
j:  1287
j:  1288
j:  1289
j:  1290
j:  1291
j:  1292
j:  1293
j:  1294
j:  1295
j:  1296
j:  1297
j:  1298
j:  1299
j:  1300

-->batch:1300 loss_var:153.24, loss_nino:21.15, score:41.265
j:  1301
j:  1302
j:  1303
j:  1304
j:  1305
j:  1306
j:  1307
j:  1308
j:  1309
j:  1310
j:  1311
j:  1312
j:  1313
j:  1314
j:  1315
j:  1316
j:  1317
j:  1318
j:  1319
j:  1320
j:  1321
j:  1322
j:  1323
j:  1324
j:  1325
j:  1326
j:  1327
j:  1328
j:  1329
j:  1330
j:  1331
j:  1332
j:  1333
j:  1334
j:  1335
j:  1336
j:  1337
j:  1338
j:  1339
j:  1340
j:  1341
j:  1342
j:  1343
j:  1344
j:  1345
j:  1346
j:  1347
j:  1348
j:  1349
j:  1350
j:  1351
j:  1352
j:  1353
j:  1354
j:  1355
j:  1356
j:  1357
j:  1358
j:  1359
j:  1360
j:  1361
j:  1362
j:  1363
j:  1364
j:  1365
j:  1366
j:  1367
j:  1368
j:  1369
j:  1370
j:  1371
j:  1372
j:  1373
j:  1374
j:  1375
j:  1376
j:  1377
j:  1378
j:  1379
j:  1380
j:  1381
j:  1382
j:  1383
j:  1384
j:  1385
j:  1386
j:  1387
j:  1388
j:  1389
j:  1390
j:  1391
j:  1392
j:  1393
j:  1394
j:  1395
j:  1396
j:  1397
j:  1398
j:  1399
-->Evaluation... 
loss_var:171.694 
loss_nino:21.117 
loss_com:0.452 
score:0.010
j:  1400

-->batch:1400 loss_var:156.43, loss_nino:19.30, score:32.698
j:  1401
j:  1402
j:  1403
j:  1404
j:  1405
j:  1406
j:  1407
j:  1408
j:  1409
j:  1410
j:  1411
j:  1412
j:  1413
j:  1414
j:  1415
j:  1416
j:  1417
j:  1418
j:  1419
j:  1420
j:  1421
j:  1422
j:  1423
j:  1424
j:  1425
j:  1426
j:  1427
j:  1428
j:  1429
j:  1430
j:  1431
j:  1432
j:  1433
j:  1434
j:  1435
j:  1436
j:  1437
j:  1438
j:  1439
j:  1440
j:  1441
j:  1442
j:  1443
j:  1444
j:  1445
j:  1446
j:  1447
j:  1448
j:  1449
j:  1450
j:  1451
j:  1452
j:  1453
j:  1454
j:  1455
j:  1456
j:  1457
j:  1458
j:  1459
j:  1460
j:  1461
j:  1462
j:  1463
j:  1464
j:  1465
j:  1466
j:  1467
j:  1468
j:  1469
j:  1470
j:  1471
j:  1472
j:  1473
j:  1474
j:  1475
j:  1476
j:  1477
j:  1478
j:  1479
j:  1480
j:  1481
j:  1482
j:  1483
j:  1484
j:  1485
j:  1486
j:  1487
j:  1488
j:  1489
j:  1490
j:  1491
j:  1492
j:  1493
j:  1494
j:  1495
j:  1496
j:  1497
j:  1498
j:  1499
j:  1500

-->batch:1500 loss_var:141.74, loss_nino:20.06, score:22.974
j:  1501
j:  1502
j:  1503
j:  1504
j:  1505
j:  1506
j:  1507
j:  1508
j:  1509
j:  1510
j:  1511
j:  1512
j:  1513
j:  1514
j:  1515
j:  1516
j:  1517
j:  1518
j:  1519
j:  1520
j:  1521
j:  1522
j:  1523
j:  1524
j:  1525
j:  1526
j:  1527
j:  1528
j:  1529
j:  1530
j:  1531
j:  1532
j:  1533
j:  1534
j:  1535
j:  1536
j:  1537
j:  1538
j:  1539
j:  1540
j:  1541
j:  1542
j:  1543
j:  1544
j:  1545
j:  1546
j:  1547
j:  1548
j:  1549
j:  1550
j:  1551
j:  1552
j:  1553
j:  1554
j:  1555
j:  1556
j:  1557
j:  1558
j:  1559
j:  1560
j:  1561
j:  1562
j:  1563
j:  1564
j:  1565
j:  1566
j:  1567
j:  1568
j:  1569
j:  1570
j:  1571
j:  1572
j:  1573
j:  1574
j:  1575
j:  1576
j:  1577
j:  1578
j:  1579
j:  1580
j:  1581
j:  1582
j:  1583
j:  1584
j:  1585
j:  1586
j:  1587
j:  1588
j:  1589
j:  1590
j:  1591
j:  1592
j:  1593
j:  1594
j:  1595
j:  1596
j:  1597
j:  1598
j:  1599
-->Evaluation... 
loss_var:169.735 
loss_nino:20.505 
loss_com:0.444 
score:-1.176
j:  1600

-->batch:1600 loss_var:153.16, loss_nino:18.24, score:34.419
j:  1601
j:  1602
j:  1603
j:  1604
j:  1605
j:  1606
j:  1607
j:  1608
j:  1609
j:  1610
j:  1611
j:  1612
j:  1613
j:  1614
j:  1615
j:  1616
j:  1617
j:  1618
j:  1619
j:  1620
j:  1621
j:  1622
j:  1623
j:  1624

-->epoch11 end... 
loss_var:172.883 
loss_nino:22.088 
loss_com:0.453 
score: -3.101

sc is not increase for 1 epoch
================================================================================

-->epoch: 12
j:  0

-->batch:0 loss_var:136.82, loss_nino:18.58, score:27.438
j:  1
j:  2
j:  3
j:  4
j:  5
j:  6
j:  7
j:  8
j:  9
j:  10
j:  11
j:  12
j:  13
j:  14
j:  15
j:  16
j:  17
j:  18
j:  19
j:  20
j:  21
j:  22
j:  23
j:  24
j:  25
j:  26
j:  27
j:  28
j:  29
j:  30
j:  31
j:  32
j:  33
j:  34
j:  35
j:  36
j:  37
j:  38
j:  39
j:  40
j:  41
j:  42
j:  43
j:  44
j:  45
j:  46
j:  47
j:  48
j:  49
j:  50
j:  51
j:  52
j:  53
j:  54
j:  55
j:  56
j:  57
j:  58
j:  59
j:  60
j:  61
j:  62
j:  63
j:  64
j:  65
j:  66
j:  67
j:  68
j:  69
j:  70
j:  71
j:  72
j:  73
j:  74
j:  75
j:  76
j:  77
j:  78
j:  79
j:  80
j:  81
j:  82
j:  83
j:  84
j:  85
j:  86
j:  87
j:  88
j:  89
j:  90
j:  91
j:  92
j:  93
j:  94
j:  95
j:  96
j:  97
j:  98
j:  99
j:  100

-->batch:100 loss_var:142.06, loss_nino:15.08, score:28.414
j:  101
j:  102
j:  103
j:  104
j:  105
j:  106
j:  107
j:  108
j:  109
j:  110
j:  111
j:  112
j:  113
j:  114
j:  115
j:  116
j:  117
j:  118
j:  119
j:  120
j:  121
j:  122
j:  123
j:  124
j:  125
j:  126
j:  127
j:  128
j:  129
j:  130
j:  131
j:  132
j:  133
j:  134
j:  135
j:  136
j:  137
j:  138
j:  139
j:  140
j:  141
j:  142
j:  143
j:  144
j:  145
j:  146
j:  147
j:  148
j:  149
j:  150
j:  151
j:  152
j:  153
j:  154
j:  155
j:  156
j:  157
j:  158
j:  159
j:  160
j:  161
j:  162
j:  163
j:  164
j:  165
j:  166
j:  167
j:  168
j:  169
j:  170
j:  171
j:  172
j:  173
j:  174
j:  175
j:  176
j:  177
j:  178
j:  179
j:  180
j:  181
j:  182
j:  183
j:  184
j:  185
j:  186
j:  187
j:  188
j:  189
j:  190
j:  191
j:  192
j:  193
j:  194
j:  195
j:  196
j:  197
j:  198
j:  199
-->Evaluation... 
loss_var:181.919 
loss_nino:24.871 
loss_com:0.480 
score:-4.049
j:  200

-->batch:200 loss_var:151.87, loss_nino:22.96, score:-0.347
j:  201
j:  202
j:  203
j:  204
j:  205
j:  206
j:  207
j:  208
j:  209
j:  210
j:  211
j:  212
j:  213
j:  214
j:  215
j:  216
j:  217
j:  218
j:  219
j:  220
j:  221
j:  222
j:  223
j:  224
j:  225
j:  226
j:  227
j:  228
j:  229
j:  230
j:  231
j:  232
j:  233
j:  234
j:  235
j:  236
j:  237
j:  238
j:  239
j:  240
j:  241
j:  242
j:  243
j:  244
j:  245
j:  246
j:  247
j:  248
j:  249
j:  250
j:  251
j:  252
j:  253
j:  254
j:  255
j:  256
j:  257
j:  258
j:  259
j:  260
j:  261
j:  262
j:  263
j:  264
j:  265
j:  266
j:  267
j:  268
j:  269
j:  270
j:  271
j:  272
j:  273
j:  274
j:  275
j:  276
j:  277
j:  278
j:  279
j:  280
j:  281
j:  282
j:  283
j:  284
j:  285
j:  286
j:  287
j:  288
j:  289
j:  290
j:  291
j:  292
j:  293
j:  294
j:  295
j:  296
j:  297
j:  298
j:  299
j:  300

-->batch:300 loss_var:153.52, loss_nino:18.78, score:44.843
j:  301
j:  302
j:  303
j:  304
j:  305
j:  306
j:  307
j:  308
j:  309
j:  310
j:  311
j:  312
j:  313
j:  314
j:  315
j:  316
j:  317
j:  318
j:  319
j:  320
j:  321
j:  322
j:  323
j:  324
j:  325
j:  326
j:  327
j:  328
j:  329
j:  330
j:  331
j:  332
j:  333
j:  334
j:  335
j:  336
j:  337
j:  338
j:  339
j:  340
j:  341
j:  342
j:  343
j:  344
j:  345
j:  346
j:  347
j:  348
j:  349
j:  350
j:  351
j:  352
j:  353
j:  354
j:  355
j:  356
j:  357
j:  358
j:  359
j:  360
j:  361
j:  362
j:  363
j:  364
j:  365
j:  366
j:  367
j:  368
j:  369
j:  370
j:  371
j:  372
j:  373
j:  374
j:  375
j:  376
j:  377
j:  378
j:  379
j:  380
j:  381
j:  382
j:  383
j:  384
j:  385
j:  386
j:  387
j:  388
j:  389
j:  390
j:  391
j:  392
j:  393
j:  394
j:  395
j:  396
j:  397
j:  398
j:  399
-->Evaluation... 
loss_var:172.006 
loss_nino:21.304 
loss_com:0.452 
score:-1.294
j:  400

-->batch:400 loss_var:159.76, loss_nino:22.83, score:30.126
j:  401
j:  402
j:  403
j:  404
j:  405
j:  406
j:  407
j:  408
j:  409
j:  410
j:  411
j:  412
j:  413
j:  414
j:  415
j:  416
j:  417
j:  418
j:  419
j:  420
j:  421
j:  422
j:  423
j:  424
j:  425
j:  426
j:  427
j:  428
j:  429
j:  430
j:  431
j:  432
j:  433
j:  434
j:  435
j:  436
j:  437
j:  438
j:  439
j:  440
j:  441
j:  442
j:  443
j:  444
j:  445
j:  446
j:  447
j:  448
j:  449
j:  450
j:  451
j:  452
j:  453
j:  454
j:  455
j:  456
j:  457
j:  458
j:  459
j:  460
j:  461
j:  462
j:  463
j:  464
j:  465
j:  466
j:  467
j:  468
j:  469
j:  470
j:  471
j:  472
j:  473
j:  474
j:  475
j:  476
j:  477
j:  478
j:  479
j:  480
j:  481
j:  482
j:  483
j:  484
j:  485
j:  486
j:  487
j:  488
j:  489
j:  490
j:  491
j:  492
j:  493
j:  494
j:  495
j:  496
j:  497
j:  498
j:  499
j:  500

-->batch:500 loss_var:156.52, loss_nino:17.54, score:35.840
j:  501
j:  502
j:  503
j:  504
j:  505
j:  506
j:  507
j:  508
j:  509
j:  510
j:  511
j:  512
j:  513
j:  514
j:  515
j:  516
j:  517
j:  518
j:  519
j:  520
j:  521
j:  522
j:  523
j:  524
j:  525
j:  526
j:  527
j:  528
j:  529
j:  530
j:  531
j:  532
j:  533
j:  534
j:  535
j:  536
j:  537
j:  538
j:  539
j:  540
j:  541
j:  542
j:  543
j:  544
j:  545
j:  546
j:  547
j:  548
j:  549
j:  550
j:  551
j:  552
j:  553
j:  554
j:  555
j:  556
j:  557
j:  558
j:  559
j:  560
j:  561
j:  562
j:  563
j:  564
j:  565
j:  566
j:  567
j:  568
j:  569
j:  570
j:  571
j:  572
j:  573
j:  574
j:  575
j:  576
j:  577
j:  578
j:  579
j:  580
j:  581
j:  582
j:  583
j:  584
j:  585
j:  586
j:  587
j:  588
j:  589
j:  590
j:  591
j:  592
j:  593
j:  594
j:  595
j:  596
j:  597
j:  598
j:  599
-->Evaluation... 
loss_var:172.214 
loss_nino:20.995 
loss_com:0.453 
score:-1.516
j:  600

-->batch:600 loss_var:152.36, loss_nino:20.12, score:39.474
j:  601
j:  602
j:  603
j:  604
j:  605
j:  606
j:  607
j:  608
j:  609
j:  610
j:  611
j:  612
j:  613
j:  614
j:  615
j:  616
j:  617
j:  618
j:  619
j:  620
j:  621
j:  622
j:  623
j:  624
j:  625
j:  626
j:  627
j:  628
j:  629
j:  630
j:  631
j:  632
j:  633
j:  634
j:  635
j:  636
j:  637
j:  638
j:  639
j:  640
j:  641
j:  642
j:  643
j:  644
j:  645
j:  646
j:  647
j:  648
j:  649
j:  650
j:  651
j:  652
j:  653
j:  654
j:  655
j:  656
j:  657
j:  658
j:  659
j:  660
j:  661
j:  662
j:  663
j:  664
j:  665
j:  666
j:  667
j:  668
j:  669
j:  670
j:  671
j:  672
j:  673
j:  674
j:  675
j:  676
j:  677
j:  678
j:  679
j:  680
j:  681
j:  682
j:  683
j:  684
j:  685
j:  686
j:  687
j:  688
j:  689
j:  690
j:  691
j:  692
j:  693
j:  694
j:  695
j:  696
j:  697
j:  698
j:  699
j:  700

-->batch:700 loss_var:144.14, loss_nino:13.31, score:42.007
j:  701
j:  702
j:  703
j:  704
j:  705
j:  706
j:  707
j:  708
j:  709
j:  710
j:  711
j:  712
j:  713
j:  714
j:  715
j:  716
j:  717
j:  718
j:  719
j:  720
j:  721
j:  722
j:  723
j:  724
j:  725
j:  726
j:  727
j:  728
j:  729
j:  730
j:  731
j:  732
j:  733
j:  734
j:  735
j:  736
j:  737
j:  738
j:  739
j:  740
j:  741
j:  742
j:  743
j:  744
j:  745
j:  746
j:  747
j:  748
j:  749
j:  750
j:  751
j:  752
j:  753
j:  754
j:  755
j:  756
j:  757
j:  758
j:  759
j:  760
j:  761
j:  762
j:  763
j:  764
j:  765
j:  766
j:  767
j:  768
j:  769
j:  770
j:  771
j:  772
j:  773
j:  774
j:  775
j:  776
j:  777
j:  778
j:  779
j:  780
j:  781
j:  782
j:  783
j:  784
j:  785
j:  786
j:  787
j:  788
j:  789
j:  790
j:  791
j:  792
j:  793
j:  794
j:  795
j:  796
j:  797
j:  798
j:  799
-->Evaluation... 
loss_var:173.968 
loss_nino:21.675 
loss_com:0.456 
score:1.583
j:  800

-->batch:800 loss_var:160.47, loss_nino:27.28, score:2.847
j:  801
j:  802
j:  803
j:  804
j:  805
j:  806
j:  807
j:  808
j:  809
j:  810
j:  811
j:  812
j:  813
j:  814
j:  815
j:  816
j:  817
j:  818
j:  819
j:  820
j:  821
j:  822
j:  823
j:  824
j:  825
j:  826
j:  827
j:  828
j:  829
j:  830
j:  831
j:  832
j:  833
j:  834
j:  835
j:  836
j:  837
j:  838
j:  839
j:  840
j:  841
j:  842
j:  843
j:  844
j:  845
j:  846
j:  847
j:  848
j:  849
j:  850
j:  851
j:  852
j:  853
j:  854
j:  855
j:  856
j:  857
j:  858
j:  859
j:  860
j:  861
j:  862
j:  863
j:  864
j:  865
j:  866
j:  867
j:  868
j:  869
j:  870
j:  871
j:  872
j:  873
j:  874
j:  875
j:  876
j:  877
j:  878
j:  879
j:  880
j:  881
j:  882
j:  883
j:  884
j:  885
j:  886
j:  887
j:  888
j:  889
j:  890
j:  891
j:  892
j:  893
j:  894
j:  895
j:  896
j:  897
j:  898
j:  899
j:  900

-->batch:900 loss_var:145.04, loss_nino:15.83, score:42.551
j:  901
j:  902
j:  903
j:  904
j:  905
j:  906
j:  907
j:  908
j:  909
j:  910
j:  911
j:  912
j:  913
j:  914
j:  915
j:  916
j:  917
j:  918
j:  919
j:  920
j:  921
j:  922
j:  923
j:  924
j:  925
j:  926
j:  927
j:  928
j:  929
j:  930
j:  931
j:  932
j:  933
j:  934
j:  935
j:  936
j:  937
j:  938
j:  939
j:  940
j:  941
j:  942
j:  943
j:  944
j:  945
j:  946
j:  947
j:  948
j:  949
j:  950
j:  951
j:  952
j:  953
j:  954
j:  955
j:  956
j:  957
j:  958
j:  959
j:  960
j:  961
j:  962
j:  963
j:  964
j:  965
j:  966
j:  967
j:  968
j:  969
j:  970
j:  971
j:  972
j:  973
j:  974
j:  975
j:  976
j:  977
j:  978
j:  979
j:  980
j:  981
j:  982
j:  983
j:  984
j:  985
j:  986
j:  987
j:  988
j:  989
j:  990
j:  991
j:  992
j:  993
j:  994
j:  995
j:  996
j:  997
j:  998
j:  999
-->Evaluation... 
loss_var:175.644 
loss_nino:22.450 
loss_com:0.462 
score:-1.561
j:  1000

-->batch:1000 loss_var:142.16, loss_nino:16.87, score:33.363
j:  1001
j:  1002
j:  1003
j:  1004
j:  1005
j:  1006
j:  1007
j:  1008
j:  1009
j:  1010
j:  1011
j:  1012
j:  1013
j:  1014
j:  1015
j:  1016
j:  1017
j:  1018
j:  1019
j:  1020
j:  1021
j:  1022
j:  1023
j:  1024
j:  1025
j:  1026
j:  1027
j:  1028
j:  1029
j:  1030
j:  1031
j:  1032
j:  1033
j:  1034
j:  1035
j:  1036
j:  1037
j:  1038
j:  1039
j:  1040
j:  1041
j:  1042
j:  1043
j:  1044
j:  1045
j:  1046
j:  1047
j:  1048
j:  1049
j:  1050
j:  1051
j:  1052
j:  1053
j:  1054
j:  1055
j:  1056
j:  1057
j:  1058
j:  1059
j:  1060
j:  1061
j:  1062
j:  1063
j:  1064
j:  1065
j:  1066
j:  1067
j:  1068
j:  1069
j:  1070
j:  1071
j:  1072
j:  1073
j:  1074
j:  1075
j:  1076
j:  1077
j:  1078
j:  1079
j:  1080
j:  1081
j:  1082
j:  1083
j:  1084
j:  1085
j:  1086
j:  1087
j:  1088
j:  1089
j:  1090
j:  1091
j:  1092
j:  1093
j:  1094
j:  1095
j:  1096
j:  1097
j:  1098
j:  1099
j:  1100

-->batch:1100 loss_var:154.90, loss_nino:18.62, score:10.711
j:  1101
j:  1102
j:  1103
j:  1104
j:  1105
j:  1106
j:  1107
j:  1108
j:  1109
j:  1110
j:  1111
j:  1112
j:  1113
j:  1114
j:  1115
j:  1116
j:  1117
j:  1118
j:  1119
j:  1120
j:  1121
j:  1122
j:  1123
j:  1124
j:  1125
j:  1126
j:  1127
j:  1128
j:  1129
j:  1130
j:  1131
j:  1132
j:  1133
j:  1134
j:  1135
j:  1136
j:  1137
j:  1138
j:  1139
j:  1140
j:  1141
j:  1142
j:  1143
j:  1144
j:  1145
j:  1146
j:  1147
j:  1148
j:  1149
j:  1150
j:  1151
j:  1152
j:  1153
j:  1154
j:  1155
j:  1156
j:  1157
j:  1158
j:  1159
j:  1160
j:  1161
j:  1162
j:  1163
j:  1164
j:  1165
j:  1166
j:  1167
j:  1168
j:  1169
j:  1170
j:  1171
j:  1172
j:  1173
j:  1174
j:  1175
j:  1176
j:  1177
j:  1178
j:  1179
j:  1180
j:  1181
j:  1182
j:  1183
j:  1184
j:  1185
j:  1186
j:  1187
j:  1188
j:  1189
j:  1190
j:  1191
j:  1192
j:  1193
j:  1194
j:  1195
j:  1196
j:  1197
j:  1198
j:  1199
-->Evaluation... 
loss_var:171.498 
loss_nino:20.444 
loss_com:0.450 
score:-0.120
j:  1200

-->batch:1200 loss_var:158.17, loss_nino:21.58, score:27.001
j:  1201
j:  1202
j:  1203
j:  1204
j:  1205
j:  1206
j:  1207
j:  1208
j:  1209
j:  1210
j:  1211
j:  1212
j:  1213
j:  1214
j:  1215
j:  1216
j:  1217
j:  1218
j:  1219
j:  1220
j:  1221
j:  1222
j:  1223
j:  1224
j:  1225
j:  1226
j:  1227
j:  1228
j:  1229
j:  1230
j:  1231
j:  1232
j:  1233
j:  1234
j:  1235
j:  1236
j:  1237
j:  1238
j:  1239
j:  1240
j:  1241
j:  1242
j:  1243
j:  1244
j:  1245
j:  1246
j:  1247
j:  1248
j:  1249
j:  1250
j:  1251
j:  1252
j:  1253
j:  1254
j:  1255
j:  1256
j:  1257
j:  1258
j:  1259
j:  1260
j:  1261
j:  1262
j:  1263
j:  1264
j:  1265
j:  1266
j:  1267
j:  1268
j:  1269
j:  1270
j:  1271
j:  1272
j:  1273
j:  1274
j:  1275
j:  1276
j:  1277
j:  1278
j:  1279
j:  1280
j:  1281
j:  1282
j:  1283
j:  1284
j:  1285
j:  1286
j:  1287
j:  1288
j:  1289
j:  1290
j:  1291
j:  1292
j:  1293
j:  1294
j:  1295
j:  1296
j:  1297
j:  1298
j:  1299
j:  1300

-->batch:1300 loss_var:144.41, loss_nino:19.73, score:16.315
j:  1301
j:  1302
j:  1303
j:  1304
j:  1305
j:  1306
j:  1307
j:  1308
j:  1309
j:  1310
j:  1311
j:  1312
j:  1313
j:  1314
j:  1315
j:  1316
j:  1317
j:  1318
j:  1319
j:  1320
j:  1321
j:  1322
j:  1323
j:  1324
j:  1325
j:  1326
j:  1327
j:  1328
j:  1329
j:  1330
j:  1331
j:  1332
j:  1333
j:  1334
j:  1335
j:  1336
j:  1337
j:  1338
j:  1339
j:  1340
j:  1341
j:  1342
j:  1343
j:  1344
j:  1345
j:  1346
j:  1347
j:  1348
j:  1349
j:  1350
j:  1351
j:  1352
j:  1353
j:  1354
j:  1355
j:  1356
j:  1357
j:  1358
j:  1359
j:  1360
j:  1361
j:  1362
j:  1363
j:  1364
j:  1365
j:  1366
j:  1367
j:  1368
j:  1369
j:  1370
j:  1371
j:  1372
j:  1373
j:  1374
j:  1375
j:  1376
j:  1377
j:  1378
j:  1379
j:  1380
j:  1381
j:  1382
j:  1383
j:  1384
j:  1385
j:  1386
j:  1387
j:  1388
j:  1389
j:  1390
j:  1391
j:  1392
j:  1393
j:  1394
j:  1395
j:  1396
j:  1397
j:  1398
j:  1399
-->Evaluation... 
loss_var:175.745 
loss_nino:22.065 
loss_com:0.462 
score:-1.955
j:  1400

-->batch:1400 loss_var:148.45, loss_nino:20.08, score:33.405
j:  1401
j:  1402
j:  1403
j:  1404
j:  1405
j:  1406
j:  1407
j:  1408
j:  1409
j:  1410
j:  1411
j:  1412
j:  1413
j:  1414
j:  1415
j:  1416
j:  1417
j:  1418
j:  1419
j:  1420
j:  1421
j:  1422
j:  1423
j:  1424
j:  1425
j:  1426
j:  1427
j:  1428
j:  1429
j:  1430
j:  1431
j:  1432
j:  1433
j:  1434
j:  1435
j:  1436
j:  1437
j:  1438
j:  1439
j:  1440
j:  1441
j:  1442
j:  1443
j:  1444
j:  1445
j:  1446
j:  1447
j:  1448
j:  1449
j:  1450
j:  1451
j:  1452
j:  1453
j:  1454
j:  1455
j:  1456
j:  1457
j:  1458
j:  1459
j:  1460
j:  1461
j:  1462
j:  1463
j:  1464
j:  1465
j:  1466
j:  1467
j:  1468
j:  1469
j:  1470
j:  1471
j:  1472
j:  1473
j:  1474
j:  1475
j:  1476
j:  1477
j:  1478
j:  1479
j:  1480
j:  1481
j:  1482
j:  1483
j:  1484
j:  1485
j:  1486
j:  1487
j:  1488
j:  1489
j:  1490
j:  1491
j:  1492
j:  1493
j:  1494
j:  1495
j:  1496
j:  1497
j:  1498
j:  1499
j:  1500

-->batch:1500 loss_var:160.96, loss_nino:23.67, score:20.873
j:  1501
j:  1502
j:  1503
j:  1504
j:  1505
j:  1506
j:  1507
j:  1508
j:  1509
j:  1510
j:  1511
j:  1512
j:  1513
j:  1514
j:  1515
j:  1516
j:  1517
j:  1518
j:  1519
j:  1520
j:  1521
j:  1522
j:  1523
j:  1524
j:  1525
j:  1526
j:  1527
j:  1528
j:  1529
j:  1530
j:  1531
j:  1532
j:  1533
j:  1534
j:  1535
j:  1536
j:  1537
j:  1538
j:  1539
j:  1540
j:  1541
j:  1542
j:  1543
j:  1544
j:  1545
j:  1546
j:  1547
j:  1548
j:  1549
j:  1550
j:  1551
j:  1552
j:  1553
j:  1554
j:  1555
j:  1556
j:  1557
j:  1558
j:  1559
j:  1560
j:  1561
j:  1562
j:  1563
j:  1564
j:  1565
j:  1566
j:  1567
j:  1568
j:  1569
j:  1570
j:  1571
j:  1572
j:  1573
j:  1574
j:  1575
j:  1576
j:  1577
j:  1578
j:  1579
j:  1580
j:  1581
j:  1582
j:  1583
j:  1584
j:  1585
j:  1586
j:  1587
j:  1588
j:  1589
j:  1590
j:  1591
j:  1592
j:  1593
j:  1594
j:  1595
j:  1596
j:  1597
j:  1598
j:  1599
-->Evaluation... 
loss_var:172.625 
loss_nino:21.179 
loss_com:0.453 
score:-0.048
j:  1600

-->batch:1600 loss_var:139.88, loss_nino:18.81, score:29.520
j:  1601
j:  1602
j:  1603
j:  1604
j:  1605
j:  1606
j:  1607
j:  1608
j:  1609
j:  1610
j:  1611
j:  1612
j:  1613
j:  1614
j:  1615
j:  1616
j:  1617
j:  1618
j:  1619
j:  1620
j:  1621
j:  1622
j:  1623
j:  1624

-->epoch12 end... 
loss_var:174.525 
loss_nino:21.858 
loss_com:0.459 
score: -1.548

sc is not increase for 2 epoch
================================================================================

-->epoch: 13
j:  0

-->batch:0 loss_var:145.36, loss_nino:18.44, score:11.341
j:  1
j:  2
j:  3
j:  4
j:  5
j:  6
j:  7
j:  8
j:  9
j:  10
j:  11
j:  12
j:  13
j:  14
j:  15
j:  16
j:  17
j:  18
j:  19
j:  20
j:  21
j:  22
j:  23
j:  24
j:  25
j:  26
j:  27
j:  28
j:  29
j:  30
j:  31
j:  32
j:  33
j:  34
j:  35
j:  36
j:  37
j:  38
j:  39
j:  40
j:  41
j:  42
j:  43
j:  44
j:  45
j:  46
j:  47
j:  48
j:  49
j:  50
j:  51
j:  52
j:  53
j:  54
j:  55
j:  56
j:  57
j:  58
j:  59
j:  60
j:  61
j:  62
j:  63
j:  64
j:  65
j:  66
j:  67
j:  68
j:  69
j:  70
j:  71
j:  72
j:  73
j:  74
j:  75
j:  76
j:  77
j:  78
j:  79
j:  80
j:  81
j:  82
j:  83
j:  84
j:  85
j:  86
j:  87
j:  88
j:  89
j:  90
j:  91
j:  92
j:  93
j:  94
j:  95
j:  96
j:  97
j:  98
j:  99
j:  100

-->batch:100 loss_var:165.24, loss_nino:24.72, score:28.237
j:  101
j:  102
j:  103
j:  104
j:  105
j:  106
j:  107
j:  108
j:  109
j:  110
j:  111
j:  112
j:  113
j:  114
j:  115
j:  116
j:  117
j:  118
j:  119
j:  120
j:  121
j:  122
j:  123
j:  124
j:  125
j:  126
j:  127
j:  128
j:  129
j:  130
j:  131
j:  132
j:  133
j:  134
j:  135
j:  136
j:  137
j:  138
j:  139
j:  140
j:  141
j:  142
j:  143
j:  144
j:  145
j:  146
j:  147
j:  148
j:  149
j:  150
j:  151
j:  152
j:  153
j:  154
j:  155
j:  156
j:  157
j:  158
j:  159
j:  160
j:  161
j:  162
j:  163
j:  164
j:  165
j:  166
j:  167
j:  168
j:  169
j:  170
j:  171
j:  172
j:  173
j:  174
j:  175
j:  176
j:  177
j:  178
j:  179
j:  180
j:  181
j:  182
j:  183
j:  184
j:  185
j:  186
j:  187
j:  188
j:  189
j:  190
j:  191
j:  192
j:  193
j:  194
j:  195
j:  196
j:  197
j:  198
j:  199
-->Evaluation... 
loss_var:178.167 
loss_nino:23.431 
loss_com:0.468 
score:-3.612
j:  200

-->batch:200 loss_var:142.46, loss_nino:18.08, score:45.184
j:  201
j:  202
j:  203
j:  204
j:  205
j:  206
j:  207
j:  208
j:  209
j:  210
j:  211
j:  212
j:  213
j:  214
j:  215
j:  216
j:  217
j:  218
j:  219
j:  220
j:  221
j:  222
j:  223
j:  224
j:  225
j:  226
j:  227
j:  228
j:  229
j:  230
j:  231
j:  232
j:  233
j:  234
j:  235
j:  236
j:  237
j:  238
j:  239
j:  240
j:  241
j:  242
j:  243
j:  244
j:  245
j:  246
j:  247
j:  248
j:  249
j:  250
j:  251
j:  252
j:  253
j:  254
j:  255
j:  256
j:  257
j:  258
j:  259
j:  260
j:  261
j:  262
j:  263
j:  264
j:  265
j:  266
j:  267
j:  268
j:  269
j:  270
j:  271
j:  272
j:  273
j:  274
j:  275
j:  276
j:  277
j:  278
j:  279
j:  280
j:  281
j:  282
j:  283
j:  284
j:  285
j:  286
j:  287
j:  288
j:  289
j:  290
j:  291
j:  292
j:  293
j:  294
j:  295
j:  296
j:  297
j:  298
j:  299
j:  300

-->batch:300 loss_var:145.48, loss_nino:18.51, score:24.382
j:  301
j:  302
j:  303
j:  304
j:  305
j:  306
j:  307
j:  308
j:  309
j:  310
j:  311
j:  312
j:  313
j:  314
j:  315
j:  316
j:  317
j:  318
j:  319
j:  320
j:  321
j:  322
j:  323
j:  324
j:  325
j:  326
j:  327
j:  328
j:  329
j:  330
j:  331
j:  332
j:  333
j:  334
j:  335
j:  336
j:  337
j:  338
j:  339
j:  340
j:  341
j:  342
j:  343
j:  344
j:  345
j:  346
j:  347
j:  348
j:  349
j:  350
j:  351
j:  352
j:  353
j:  354
j:  355
j:  356
j:  357
j:  358
j:  359
j:  360
j:  361
j:  362
j:  363
j:  364
j:  365
j:  366
j:  367
j:  368
j:  369
j:  370
j:  371
j:  372
j:  373
j:  374
j:  375
j:  376
j:  377
j:  378
j:  379
j:  380
j:  381
j:  382
j:  383
j:  384
j:  385
j:  386
j:  387
j:  388
j:  389
j:  390
j:  391
j:  392
j:  393
j:  394
j:  395
j:  396
j:  397
j:  398
j:  399
-->Evaluation... 
loss_var:170.680 
loss_nino:20.477 
loss_com:0.448 
score:-0.210
j:  400

-->batch:400 loss_var:180.58, loss_nino:32.65, score:16.489
j:  401
j:  402
j:  403
j:  404
j:  405
j:  406
j:  407
j:  408
j:  409
j:  410
j:  411
j:  412
j:  413
j:  414
j:  415
j:  416
j:  417
j:  418
j:  419
j:  420
j:  421
j:  422
j:  423
j:  424
j:  425
j:  426
j:  427
j:  428
j:  429
j:  430
j:  431
j:  432
j:  433
j:  434
j:  435
j:  436
j:  437
j:  438
j:  439
j:  440
j:  441
j:  442
j:  443
j:  444
j:  445
j:  446
j:  447
j:  448
j:  449
j:  450
j:  451
j:  452
j:  453
j:  454
j:  455
j:  456
j:  457
j:  458
j:  459
j:  460
j:  461
j:  462
j:  463
j:  464
j:  465
j:  466
j:  467
j:  468
j:  469
j:  470
j:  471
j:  472
j:  473
j:  474
j:  475
j:  476
j:  477
j:  478
j:  479
j:  480
j:  481
j:  482
j:  483
j:  484
j:  485
j:  486
j:  487
j:  488
j:  489
j:  490
j:  491
j:  492
j:  493
j:  494
j:  495
j:  496
j:  497
j:  498
j:  499
j:  500

-->batch:500 loss_var:141.74, loss_nino:17.69, score:39.701
j:  501
j:  502
j:  503
j:  504
j:  505
j:  506
j:  507
j:  508
j:  509
j:  510
j:  511
j:  512
j:  513
j:  514
j:  515
j:  516
j:  517
j:  518
j:  519
j:  520
j:  521
j:  522
j:  523
j:  524
j:  525
j:  526
j:  527
j:  528
j:  529
j:  530
j:  531
j:  532
j:  533
j:  534
j:  535
j:  536
j:  537
j:  538
j:  539
j:  540
j:  541
j:  542
j:  543
j:  544
j:  545
j:  546
j:  547
j:  548
j:  549
j:  550
j:  551
j:  552
j:  553
j:  554
j:  555
j:  556
j:  557
j:  558
j:  559
j:  560
j:  561
j:  562
j:  563
j:  564
j:  565
j:  566
j:  567
j:  568
j:  569
j:  570
j:  571
j:  572
j:  573
j:  574
j:  575
j:  576
j:  577
j:  578
j:  579
j:  580
j:  581
j:  582
j:  583
j:  584
j:  585
j:  586
j:  587
j:  588
j:  589
j:  590
j:  591
j:  592
j:  593
j:  594
j:  595
j:  596
j:  597
j:  598
j:  599
-->Evaluation... 
loss_var:173.584 
loss_nino:21.476 
loss_com:0.457 
score:-1.361
j:  600

-->batch:600 loss_var:158.91, loss_nino:28.07, score:26.119
j:  601
j:  602
j:  603
j:  604
j:  605
j:  606
j:  607
j:  608
j:  609
j:  610
j:  611
j:  612
j:  613
j:  614
j:  615
j:  616
j:  617
j:  618
j:  619
j:  620
j:  621
j:  622
j:  623
j:  624
j:  625
j:  626
j:  627
j:  628
j:  629
j:  630
j:  631
j:  632
j:  633
j:  634
j:  635
j:  636
j:  637
j:  638
j:  639
j:  640
j:  641
j:  642
j:  643
j:  644
j:  645
j:  646
j:  647
j:  648
j:  649
j:  650
j:  651
j:  652
j:  653
j:  654
j:  655
j:  656
j:  657
j:  658
j:  659
j:  660
j:  661
j:  662
j:  663
j:  664
j:  665
j:  666
j:  667
j:  668
j:  669
j:  670
j:  671
j:  672
j:  673
j:  674
j:  675
j:  676
j:  677
j:  678
j:  679
j:  680
j:  681
j:  682
j:  683
j:  684
j:  685
j:  686
j:  687
j:  688
j:  689
j:  690
j:  691
j:  692
j:  693
j:  694
j:  695
j:  696
j:  697
j:  698
j:  699
j:  700

-->batch:700 loss_var:139.31, loss_nino:14.85, score:24.940
j:  701
j:  702
j:  703
j:  704
j:  705
j:  706
j:  707
j:  708
j:  709
j:  710
j:  711
j:  712
j:  713
j:  714
j:  715
j:  716
j:  717
j:  718
j:  719
j:  720
j:  721
j:  722
j:  723
j:  724
j:  725
j:  726
j:  727
j:  728
j:  729
j:  730
j:  731
j:  732
j:  733
j:  734
j:  735
j:  736
j:  737
j:  738
j:  739
j:  740
j:  741
j:  742
j:  743
j:  744
j:  745
j:  746
j:  747
j:  748
j:  749
j:  750
j:  751
j:  752
j:  753
j:  754
j:  755
j:  756
j:  757
j:  758
j:  759
j:  760
j:  761
j:  762
j:  763
j:  764
j:  765
j:  766
j:  767
j:  768
j:  769
j:  770
j:  771
j:  772
j:  773
j:  774
j:  775
j:  776
j:  777
j:  778
j:  779
j:  780
j:  781
j:  782
j:  783
j:  784
j:  785
j:  786
j:  787
j:  788
j:  789
j:  790
j:  791
j:  792
j:  793
j:  794
j:  795
j:  796
j:  797
j:  798
j:  799
-->Evaluation... 
loss_var:175.837 
loss_nino:23.314 
loss_com:0.464 
score:-5.794
j:  800

-->batch:800 loss_var:160.26, loss_nino:23.60, score:6.124
j:  801
j:  802
j:  803
j:  804
j:  805
j:  806
j:  807
j:  808
j:  809
j:  810
j:  811
j:  812
j:  813
j:  814
j:  815
j:  816
j:  817
j:  818
j:  819
j:  820
j:  821
j:  822
j:  823
j:  824
j:  825
j:  826
j:  827
j:  828
j:  829
j:  830
j:  831
j:  832
j:  833
j:  834
j:  835
j:  836
j:  837
j:  838
j:  839
j:  840
j:  841
j:  842
j:  843
j:  844
j:  845
j:  846
j:  847
j:  848
j:  849
j:  850
j:  851
j:  852
j:  853
j:  854
j:  855
j:  856
j:  857
j:  858
j:  859
j:  860
j:  861
j:  862
j:  863
j:  864
j:  865
j:  866
j:  867
j:  868
j:  869
j:  870
j:  871
j:  872
j:  873
j:  874
j:  875
j:  876
j:  877
j:  878
j:  879
j:  880
j:  881
j:  882
j:  883
j:  884
j:  885
j:  886
j:  887
j:  888
j:  889
j:  890
j:  891
j:  892
j:  893
j:  894
j:  895
j:  896
j:  897
j:  898
j:  899
j:  900

-->batch:900 loss_var:145.32, loss_nino:19.14, score:47.742
j:  901
j:  902
j:  903
j:  904
j:  905
j:  906
j:  907
j:  908
j:  909
j:  910
j:  911
j:  912
j:  913
j:  914
j:  915
j:  916
j:  917
j:  918
j:  919
j:  920
j:  921
j:  922
j:  923
j:  924
j:  925
j:  926
j:  927
j:  928
j:  929
j:  930
j:  931
j:  932
j:  933
j:  934
j:  935
j:  936
j:  937
j:  938
j:  939
j:  940
j:  941
j:  942
j:  943
j:  944
j:  945
j:  946
j:  947
j:  948
j:  949
j:  950
j:  951
j:  952
j:  953
j:  954
j:  955
j:  956
j:  957
j:  958
j:  959
j:  960
j:  961
j:  962
j:  963
j:  964
j:  965
j:  966
j:  967
j:  968
j:  969
j:  970
j:  971
j:  972
j:  973
j:  974
j:  975
j:  976
j:  977
j:  978
j:  979
j:  980
j:  981
j:  982
j:  983
j:  984
j:  985
j:  986
j:  987
j:  988
j:  989
j:  990
j:  991
j:  992
j:  993
j:  994
j:  995
j:  996
j:  997
j:  998
j:  999
-->Evaluation... 
loss_var:173.955 
loss_nino:20.995 
loss_com:0.457 
score:-2.031
j:  1000

-->batch:1000 loss_var:128.64, loss_nino:11.77, score:54.844
j:  1001
j:  1002
j:  1003
j:  1004
j:  1005
j:  1006
j:  1007
j:  1008
j:  1009
j:  1010
j:  1011
j:  1012
j:  1013
j:  1014
j:  1015
j:  1016
j:  1017
j:  1018
j:  1019
j:  1020
j:  1021
j:  1022
j:  1023
j:  1024
j:  1025
j:  1026
j:  1027
j:  1028
j:  1029
j:  1030
j:  1031
j:  1032
j:  1033
j:  1034
j:  1035
j:  1036
j:  1037
j:  1038
j:  1039
j:  1040
j:  1041
j:  1042
j:  1043
j:  1044
j:  1045
j:  1046
j:  1047
j:  1048
j:  1049
j:  1050
j:  1051
j:  1052
j:  1053
j:  1054
j:  1055
j:  1056
j:  1057
j:  1058
j:  1059
j:  1060
j:  1061
j:  1062
j:  1063
j:  1064
j:  1065
j:  1066
j:  1067
j:  1068
j:  1069
j:  1070
j:  1071
j:  1072
j:  1073
j:  1074
j:  1075
j:  1076
j:  1077
j:  1078
j:  1079
j:  1080
j:  1081
j:  1082
j:  1083
j:  1084
j:  1085
j:  1086
j:  1087
j:  1088
j:  1089
j:  1090
j:  1091
j:  1092
j:  1093
j:  1094
j:  1095
j:  1096
j:  1097
j:  1098
j:  1099
j:  1100

-->batch:1100 loss_var:161.11, loss_nino:23.83, score:15.293
j:  1101
j:  1102
j:  1103
j:  1104
j:  1105
j:  1106
j:  1107
j:  1108
j:  1109
j:  1110
j:  1111
j:  1112
j:  1113
j:  1114
j:  1115
j:  1116
j:  1117
j:  1118
j:  1119
j:  1120
j:  1121
j:  1122
j:  1123
j:  1124
j:  1125
j:  1126
j:  1127
j:  1128
j:  1129
j:  1130
j:  1131
j:  1132
j:  1133
j:  1134
j:  1135
j:  1136
j:  1137
j:  1138
j:  1139
j:  1140
j:  1141
j:  1142
j:  1143
j:  1144
j:  1145
j:  1146
j:  1147
j:  1148
j:  1149
j:  1150
j:  1151
j:  1152
j:  1153
j:  1154
j:  1155
j:  1156
j:  1157
j:  1158
j:  1159
j:  1160
j:  1161
j:  1162
j:  1163
j:  1164
j:  1165
j:  1166
j:  1167
j:  1168
j:  1169
j:  1170
j:  1171
j:  1172
j:  1173
j:  1174
j:  1175
j:  1176
j:  1177
j:  1178
j:  1179
j:  1180
j:  1181
j:  1182
j:  1183
j:  1184
j:  1185
j:  1186
j:  1187
j:  1188
j:  1189
j:  1190
j:  1191
j:  1192
j:  1193
j:  1194
j:  1195
j:  1196
j:  1197
j:  1198
j:  1199
-->Evaluation... 
loss_var:175.330 
loss_nino:23.263 
loss_com:0.462 
score:-5.546
j:  1200

-->batch:1200 loss_var:148.59, loss_nino:19.78, score:34.640
j:  1201
j:  1202
j:  1203
j:  1204
j:  1205
j:  1206
j:  1207
j:  1208
j:  1209
j:  1210
j:  1211
j:  1212
j:  1213
j:  1214
j:  1215
j:  1216
j:  1217
j:  1218
j:  1219
j:  1220
j:  1221
j:  1222
j:  1223
j:  1224
j:  1225
j:  1226
j:  1227
j:  1228
j:  1229
j:  1230
j:  1231
j:  1232
j:  1233
j:  1234
j:  1235
j:  1236
j:  1237
j:  1238
j:  1239
j:  1240
j:  1241
j:  1242
j:  1243
j:  1244
j:  1245
j:  1246
j:  1247
j:  1248
j:  1249
j:  1250
j:  1251
j:  1252
j:  1253
j:  1254
j:  1255
j:  1256
j:  1257
j:  1258
j:  1259
j:  1260
j:  1261
j:  1262
j:  1263
j:  1264
j:  1265
j:  1266
j:  1267
j:  1268
j:  1269
j:  1270
j:  1271
j:  1272
j:  1273
j:  1274
j:  1275
j:  1276
j:  1277
j:  1278
j:  1279
j:  1280
j:  1281
j:  1282
j:  1283
j:  1284
j:  1285
j:  1286
j:  1287
j:  1288
j:  1289
j:  1290
j:  1291
j:  1292
j:  1293
j:  1294
j:  1295
j:  1296
j:  1297
j:  1298
j:  1299
j:  1300

-->batch:1300 loss_var:143.91, loss_nino:16.98, score:36.671
j:  1301
j:  1302
j:  1303
j:  1304
j:  1305
j:  1306
j:  1307
j:  1308
j:  1309
j:  1310
j:  1311
j:  1312
j:  1313
j:  1314
j:  1315
j:  1316
j:  1317
j:  1318
j:  1319
j:  1320
j:  1321
j:  1322
j:  1323
j:  1324
j:  1325
j:  1326
j:  1327
j:  1328
j:  1329
j:  1330
j:  1331
j:  1332
j:  1333
j:  1334
j:  1335
j:  1336
j:  1337
j:  1338
j:  1339
j:  1340
j:  1341
j:  1342
j:  1343
j:  1344
j:  1345
j:  1346
j:  1347
j:  1348
j:  1349
j:  1350
j:  1351
j:  1352
j:  1353
j:  1354
j:  1355
j:  1356
j:  1357
j:  1358
j:  1359
j:  1360
j:  1361
j:  1362
j:  1363
j:  1364
j:  1365
j:  1366
j:  1367
j:  1368
j:  1369
j:  1370
j:  1371
j:  1372
j:  1373
j:  1374
j:  1375
j:  1376
j:  1377
j:  1378
j:  1379
j:  1380
j:  1381
j:  1382
j:  1383
j:  1384
j:  1385
j:  1386
j:  1387
j:  1388
j:  1389
j:  1390
j:  1391
j:  1392
j:  1393
j:  1394
j:  1395
j:  1396
j:  1397
j:  1398
j:  1399
-->Evaluation... 
loss_var:178.449 
loss_nino:23.182 
loss_com:0.469 
score:-3.308
j:  1400

-->batch:1400 loss_var:160.29, loss_nino:21.11, score:25.574
j:  1401
j:  1402
j:  1403
j:  1404
j:  1405
j:  1406
j:  1407
j:  1408
j:  1409
j:  1410
j:  1411
j:  1412
j:  1413
j:  1414
j:  1415
j:  1416
j:  1417
j:  1418
j:  1419
j:  1420
j:  1421
j:  1422
j:  1423
j:  1424
j:  1425
j:  1426
j:  1427
j:  1428
j:  1429
j:  1430
j:  1431
j:  1432
j:  1433
j:  1434
j:  1435
j:  1436
j:  1437
j:  1438
j:  1439
j:  1440
j:  1441
j:  1442
j:  1443
j:  1444
j:  1445
j:  1446
j:  1447
j:  1448
j:  1449
j:  1450
j:  1451
j:  1452
j:  1453
j:  1454
j:  1455
j:  1456
j:  1457
j:  1458
j:  1459
j:  1460
j:  1461
j:  1462
j:  1463
j:  1464
j:  1465
j:  1466
j:  1467
j:  1468
j:  1469
j:  1470
j:  1471
j:  1472
j:  1473
j:  1474
j:  1475
j:  1476
j:  1477
j:  1478
j:  1479
j:  1480
j:  1481
j:  1482
j:  1483
j:  1484
j:  1485
j:  1486
j:  1487
j:  1488
j:  1489
j:  1490
j:  1491
j:  1492
j:  1493
j:  1494
j:  1495
j:  1496
j:  1497
j:  1498
j:  1499
j:  1500

-->batch:1500 loss_var:157.24, loss_nino:21.18, score:30.416
j:  1501
j:  1502
j:  1503
j:  1504
j:  1505
j:  1506
j:  1507
j:  1508
j:  1509
j:  1510
j:  1511
j:  1512
j:  1513
j:  1514
j:  1515
j:  1516
j:  1517
j:  1518
j:  1519
j:  1520
j:  1521
j:  1522
j:  1523
j:  1524
j:  1525
j:  1526
j:  1527
j:  1528
j:  1529
j:  1530
j:  1531
j:  1532
j:  1533
j:  1534
j:  1535
j:  1536
j:  1537
j:  1538
j:  1539
j:  1540
j:  1541
j:  1542
j:  1543
j:  1544
j:  1545
j:  1546
j:  1547
j:  1548
j:  1549
j:  1550
j:  1551
j:  1552
j:  1553
j:  1554
j:  1555
j:  1556
j:  1557
j:  1558
j:  1559
j:  1560
j:  1561
j:  1562
j:  1563
j:  1564
j:  1565
j:  1566
j:  1567
j:  1568
j:  1569
j:  1570
j:  1571
j:  1572
j:  1573
j:  1574
j:  1575
j:  1576
j:  1577
j:  1578
j:  1579
j:  1580
j:  1581
j:  1582
j:  1583
j:  1584
j:  1585
j:  1586
j:  1587
j:  1588
j:  1589
j:  1590
j:  1591
j:  1592
j:  1593
j:  1594
j:  1595
j:  1596
j:  1597
j:  1598
j:  1599
-->Evaluation... 
loss_var:171.654 
loss_nino:21.189 
loss_com:0.450 
score:-1.845
j:  1600

-->batch:1600 loss_var:137.84, loss_nino:12.86, score:42.878
j:  1601
j:  1602
j:  1603
j:  1604
j:  1605
j:  1606
j:  1607
j:  1608
j:  1609
j:  1610
j:  1611
j:  1612
j:  1613
j:  1614
j:  1615
j:  1616
j:  1617
j:  1618
j:  1619
j:  1620
j:  1621
j:  1622
j:  1623
j:  1624

-->epoch13 end... 
loss_var:171.489 
loss_nino:21.576 
loss_com:0.450 
score: -0.363

sc is not increase for 3 epoch
================================================================================

-->epoch: 14
j:  0

-->batch:0 loss_var:175.94, loss_nino:27.37, score:33.221
j:  1
j:  2
j:  3
j:  4
j:  5
j:  6
j:  7
j:  8
j:  9
j:  10
j:  11
j:  12
j:  13
j:  14
j:  15
j:  16
j:  17
j:  18
j:  19
j:  20
j:  21
j:  22
j:  23
j:  24
j:  25
j:  26
j:  27
j:  28
j:  29
j:  30
j:  31
j:  32
j:  33
j:  34
j:  35
j:  36
j:  37
j:  38
j:  39
j:  40
j:  41
j:  42
j:  43
j:  44
j:  45
j:  46
j:  47
j:  48
j:  49
j:  50
j:  51
j:  52
j:  53
j:  54
j:  55
j:  56
j:  57
j:  58
j:  59
j:  60
j:  61
j:  62
j:  63
j:  64
j:  65
j:  66
j:  67
j:  68
j:  69
j:  70
j:  71
j:  72
j:  73
j:  74
j:  75
j:  76
j:  77
j:  78
j:  79
j:  80
j:  81
j:  82
j:  83
j:  84
j:  85
j:  86
j:  87
j:  88
j:  89
j:  90
j:  91
j:  92
j:  93
j:  94
j:  95
j:  96
j:  97
j:  98
j:  99
j:  100

-->batch:100 loss_var:141.44, loss_nino:15.27, score:44.877
j:  101
j:  102
j:  103
j:  104
j:  105
j:  106
j:  107
j:  108
j:  109
j:  110
j:  111
j:  112
j:  113
j:  114
j:  115
j:  116
j:  117
j:  118
j:  119
j:  120
j:  121
j:  122
j:  123
j:  124
j:  125
j:  126
j:  127
j:  128
j:  129
j:  130
j:  131
j:  132
j:  133
j:  134
j:  135
j:  136
j:  137
j:  138
j:  139
j:  140
j:  141
j:  142
j:  143
j:  144
j:  145
j:  146
j:  147
j:  148
j:  149
j:  150
j:  151
j:  152
j:  153
j:  154
j:  155
j:  156
j:  157
j:  158
j:  159
j:  160
j:  161
j:  162
j:  163
j:  164
j:  165
j:  166
j:  167
j:  168
j:  169
j:  170
j:  171
j:  172
j:  173
j:  174
j:  175
j:  176
j:  177
j:  178
j:  179
j:  180
j:  181
j:  182
j:  183
j:  184
j:  185
j:  186
j:  187
j:  188
j:  189
j:  190
j:  191
j:  192
j:  193
j:  194
j:  195
j:  196
j:  197
j:  198
j:  199
-->Evaluation... 
loss_var:181.474 
loss_nino:25.537 
loss_com:0.481 
score:-5.896
j:  200

-->batch:200 loss_var:157.80, loss_nino:21.39, score:6.149
j:  201
j:  202
j:  203
j:  204
j:  205
j:  206
j:  207
j:  208
j:  209
j:  210
j:  211
j:  212
j:  213
j:  214
j:  215
j:  216
j:  217
j:  218
j:  219
j:  220
j:  221
j:  222
j:  223
j:  224
j:  225
j:  226
j:  227
j:  228
j:  229
j:  230
j:  231
j:  232
j:  233
j:  234
j:  235
j:  236
j:  237
j:  238
j:  239
j:  240
j:  241
j:  242
j:  243
j:  244
j:  245
j:  246
j:  247
j:  248
j:  249
j:  250
j:  251
j:  252
j:  253
j:  254
j:  255
j:  256
j:  257
j:  258
j:  259
j:  260
j:  261
j:  262
j:  263
j:  264
j:  265
j:  266
j:  267
j:  268
j:  269
j:  270
j:  271
j:  272
j:  273
j:  274
j:  275
j:  276
j:  277
j:  278
j:  279
j:  280
j:  281
j:  282
j:  283
j:  284
j:  285
j:  286
j:  287
j:  288
j:  289
j:  290
j:  291
j:  292
j:  293
j:  294
j:  295
j:  296
j:  297
j:  298
j:  299
j:  300

-->batch:300 loss_var:141.55, loss_nino:13.95, score:43.782
j:  301
j:  302
j:  303
j:  304
j:  305
j:  306
j:  307
j:  308
j:  309
j:  310
j:  311
j:  312
j:  313
j:  314
j:  315
j:  316
j:  317
j:  318
j:  319
j:  320
j:  321
j:  322
j:  323
j:  324
j:  325
j:  326
j:  327
j:  328
j:  329
j:  330
j:  331
j:  332
j:  333
j:  334
j:  335
j:  336
j:  337
j:  338
j:  339
j:  340
j:  341
j:  342
j:  343
j:  344
j:  345
j:  346
j:  347
j:  348
j:  349
j:  350
j:  351
j:  352
j:  353
j:  354
j:  355
j:  356
j:  357
j:  358
j:  359
j:  360
j:  361
j:  362
j:  363
j:  364
j:  365
j:  366
j:  367
j:  368
j:  369
j:  370
j:  371
j:  372
j:  373
j:  374
j:  375
j:  376
j:  377
j:  378
j:  379
j:  380
j:  381
j:  382
j:  383
j:  384
j:  385
j:  386
j:  387
j:  388
j:  389
j:  390
j:  391
j:  392
j:  393
j:  394
j:  395
j:  396
j:  397
j:  398
j:  399
-->Evaluation... 
loss_var:172.104 
loss_nino:20.432 
loss_com:0.451 
score:2.320
j:  400

-->batch:400 loss_var:131.72, loss_nino:13.65, score:23.984
j:  401
j:  402
j:  403
j:  404
j:  405
j:  406
j:  407
j:  408
j:  409
j:  410
j:  411
j:  412
j:  413
j:  414
j:  415
j:  416
j:  417
j:  418
j:  419
j:  420
j:  421
j:  422
j:  423
j:  424
j:  425
j:  426
j:  427
j:  428
j:  429
j:  430
j:  431
j:  432
j:  433
j:  434
j:  435
j:  436
j:  437
j:  438
j:  439
j:  440
j:  441
j:  442
j:  443
j:  444
j:  445
j:  446
j:  447
j:  448
j:  449
j:  450
j:  451
j:  452
j:  453
j:  454
j:  455
j:  456
j:  457
j:  458
j:  459
j:  460
j:  461
j:  462
j:  463
j:  464
j:  465
j:  466
j:  467
j:  468
j:  469
j:  470
j:  471
j:  472
j:  473
j:  474
j:  475
j:  476
j:  477
j:  478
j:  479
j:  480
j:  481
j:  482
j:  483
j:  484
j:  485
j:  486
j:  487
j:  488
j:  489
j:  490
j:  491
j:  492
j:  493
j:  494
j:  495
j:  496
j:  497
j:  498
j:  499
j:  500

-->batch:500 loss_var:125.73, loss_nino:14.39, score:50.941
j:  501
j:  502
j:  503
j:  504
j:  505
j:  506
j:  507
j:  508
j:  509
j:  510
j:  511
j:  512
j:  513
j:  514
j:  515
j:  516
j:  517
j:  518
j:  519
j:  520
j:  521
j:  522
j:  523
j:  524
j:  525
j:  526
j:  527
j:  528
j:  529
j:  530
j:  531
j:  532
j:  533
j:  534
j:  535
j:  536
j:  537
j:  538
j:  539
j:  540
j:  541
j:  542
j:  543
j:  544
j:  545
j:  546
j:  547
j:  548
j:  549
j:  550
j:  551
j:  552
j:  553
j:  554
j:  555
j:  556
j:  557
j:  558
j:  559
j:  560
j:  561
j:  562
j:  563
j:  564
j:  565
j:  566
j:  567
j:  568
j:  569
j:  570
j:  571
j:  572
j:  573
j:  574
j:  575
j:  576
j:  577
j:  578
j:  579
j:  580
j:  581
j:  582
j:  583
j:  584
j:  585
j:  586
j:  587
j:  588
j:  589
j:  590
j:  591
j:  592
j:  593
j:  594
j:  595
j:  596
j:  597
j:  598
j:  599
-->Evaluation... 
loss_var:174.943 
loss_nino:21.206 
loss_com:0.459 
score:-0.060
j:  600

-->batch:600 loss_var:160.07, loss_nino:24.68, score:19.608
j:  601
j:  602
j:  603
j:  604
j:  605
j:  606
j:  607
j:  608
j:  609
j:  610
j:  611
j:  612
j:  613
j:  614
j:  615
j:  616
j:  617
j:  618
j:  619
j:  620
j:  621
j:  622
j:  623
j:  624
j:  625
j:  626
j:  627
j:  628
j:  629
j:  630
j:  631
j:  632
j:  633
j:  634
j:  635
j:  636
j:  637
j:  638
j:  639
j:  640
j:  641
j:  642
j:  643
j:  644
j:  645
j:  646
j:  647
j:  648
j:  649
j:  650
j:  651
j:  652
j:  653
j:  654
j:  655
j:  656
j:  657
j:  658
j:  659
j:  660
j:  661
j:  662
j:  663
j:  664
j:  665
j:  666
j:  667
j:  668
j:  669
j:  670
j:  671
j:  672
j:  673
j:  674
j:  675
j:  676
j:  677
j:  678
j:  679
j:  680
j:  681
j:  682
j:  683
j:  684
j:  685
j:  686
j:  687
j:  688
j:  689
j:  690
j:  691
j:  692
j:  693
j:  694
j:  695
j:  696
j:  697
j:  698
j:  699
j:  700

-->batch:700 loss_var:151.19, loss_nino:23.46, score:28.850
j:  701
j:  702
j:  703
j:  704
j:  705
j:  706
j:  707
j:  708
j:  709
j:  710
j:  711
j:  712
j:  713
j:  714
j:  715
j:  716
j:  717
j:  718
j:  719
j:  720
j:  721
j:  722
j:  723
j:  724
j:  725
j:  726
j:  727
j:  728
j:  729
j:  730
j:  731
j:  732
j:  733
j:  734
j:  735
j:  736
j:  737
j:  738
j:  739
j:  740
j:  741
j:  742
j:  743
j:  744
j:  745
j:  746
j:  747
j:  748
j:  749
j:  750
j:  751
j:  752
j:  753
j:  754
j:  755
j:  756
j:  757
j:  758
j:  759
j:  760
j:  761
j:  762
j:  763
j:  764
j:  765
j:  766
j:  767
j:  768
j:  769
j:  770
j:  771
j:  772
j:  773
j:  774
j:  775
j:  776
j:  777
j:  778
j:  779
j:  780
j:  781
j:  782
j:  783
j:  784
j:  785
j:  786
j:  787
j:  788
j:  789
j:  790
j:  791
j:  792
j:  793
j:  794
j:  795
j:  796
j:  797
j:  798
j:  799
-->Evaluation... 
loss_var:175.295 
loss_nino:22.872 
loss_com:0.463 
score:-0.546
j:  800

-->batch:800 loss_var:137.30, loss_nino:19.48, score:23.444
j:  801
j:  802
j:  803
j:  804
j:  805
j:  806
j:  807
j:  808
j:  809
j:  810
j:  811
j:  812
j:  813
j:  814
j:  815
j:  816
j:  817
j:  818
j:  819
j:  820
j:  821
j:  822
j:  823
j:  824
j:  825
j:  826
j:  827
j:  828
j:  829
j:  830
j:  831
j:  832
j:  833
j:  834
j:  835
j:  836
j:  837
j:  838
j:  839
j:  840
j:  841
j:  842
j:  843
j:  844
j:  845
j:  846
j:  847
j:  848
j:  849
j:  850
j:  851
j:  852
j:  853
j:  854
j:  855
j:  856
j:  857
j:  858
j:  859
j:  860
j:  861
j:  862
j:  863
j:  864
j:  865
j:  866
j:  867
j:  868
j:  869
j:  870
j:  871
j:  872
j:  873
j:  874
j:  875
j:  876
j:  877
j:  878
j:  879
j:  880
j:  881
j:  882
j:  883
j:  884
j:  885
j:  886
j:  887
j:  888
j:  889
j:  890
j:  891
j:  892
j:  893
j:  894
j:  895
j:  896
j:  897
j:  898
j:  899
j:  900

-->batch:900 loss_var:135.06, loss_nino:14.43, score:42.001
j:  901
j:  902
j:  903
j:  904
j:  905
j:  906
j:  907
j:  908
j:  909
j:  910
j:  911
j:  912
j:  913
j:  914
j:  915
j:  916
j:  917
j:  918
j:  919
j:  920
j:  921
j:  922
j:  923
j:  924
j:  925
j:  926
j:  927
j:  928
j:  929
j:  930
j:  931
j:  932
j:  933
j:  934
j:  935
j:  936
j:  937
j:  938
j:  939
j:  940
j:  941
j:  942
j:  943
j:  944
j:  945
j:  946
j:  947
j:  948
j:  949
j:  950
j:  951
j:  952
j:  953
j:  954
j:  955
j:  956
j:  957
j:  958
j:  959
j:  960
j:  961
j:  962
j:  963
j:  964
j:  965
j:  966
j:  967
j:  968
j:  969
j:  970
j:  971
j:  972
j:  973
j:  974
j:  975
j:  976
j:  977
j:  978
j:  979
j:  980
j:  981
j:  982
j:  983
j:  984
j:  985
j:  986
j:  987
j:  988
j:  989
j:  990
j:  991
j:  992
j:  993
j:  994
j:  995
j:  996
j:  997
j:  998
j:  999
-->Evaluation... 
loss_var:173.270 
loss_nino:20.847 
loss_com:0.453 
score:0.793
j:  1000

-->batch:1000 loss_var:156.01, loss_nino:22.39, score:28.641
j:  1001
j:  1002
j:  1003
j:  1004
j:  1005
j:  1006
j:  1007
j:  1008
j:  1009
j:  1010
j:  1011
j:  1012
j:  1013
j:  1014
j:  1015
j:  1016
j:  1017
j:  1018
j:  1019
j:  1020
j:  1021
j:  1022
j:  1023
j:  1024
j:  1025
j:  1026
j:  1027
j:  1028
j:  1029
j:  1030
j:  1031
j:  1032
j:  1033
j:  1034
j:  1035
j:  1036
j:  1037
j:  1038
j:  1039
j:  1040
j:  1041
j:  1042
j:  1043
j:  1044
j:  1045
j:  1046
j:  1047
j:  1048
j:  1049
j:  1050
j:  1051
j:  1052
j:  1053
j:  1054
j:  1055
j:  1056
j:  1057
j:  1058
j:  1059
j:  1060
j:  1061
j:  1062
j:  1063
j:  1064
j:  1065
j:  1066
j:  1067
j:  1068
j:  1069
j:  1070
j:  1071
j:  1072
j:  1073
j:  1074
j:  1075
j:  1076
j:  1077
j:  1078
j:  1079
j:  1080
j:  1081
j:  1082
j:  1083
j:  1084
j:  1085
j:  1086
j:  1087
j:  1088
j:  1089
j:  1090
j:  1091
j:  1092
j:  1093
j:  1094
j:  1095
j:  1096
j:  1097
j:  1098
j:  1099
j:  1100

-->batch:1100 loss_var:153.75, loss_nino:22.68, score:2.061
j:  1101
j:  1102
j:  1103
j:  1104
j:  1105
j:  1106
j:  1107
j:  1108
j:  1109
j:  1110
j:  1111
j:  1112
j:  1113
j:  1114
j:  1115
j:  1116
j:  1117
j:  1118
j:  1119
j:  1120
j:  1121
j:  1122
j:  1123
j:  1124
j:  1125
j:  1126
j:  1127
j:  1128
j:  1129
j:  1130
j:  1131
j:  1132
j:  1133
j:  1134
j:  1135
j:  1136
j:  1137
j:  1138
j:  1139
j:  1140
j:  1141
j:  1142
j:  1143
j:  1144
j:  1145
j:  1146
j:  1147
j:  1148
j:  1149
j:  1150
j:  1151
j:  1152
j:  1153
j:  1154
j:  1155
j:  1156
j:  1157
j:  1158
j:  1159
j:  1160
j:  1161
j:  1162
j:  1163
j:  1164
j:  1165
j:  1166
j:  1167
j:  1168
j:  1169
j:  1170
j:  1171
j:  1172
j:  1173
j:  1174
j:  1175
j:  1176
j:  1177
j:  1178
j:  1179
j:  1180
j:  1181
j:  1182
j:  1183
j:  1184
j:  1185
j:  1186
j:  1187
j:  1188
j:  1189
j:  1190
j:  1191
j:  1192
j:  1193
j:  1194
j:  1195
j:  1196
j:  1197
j:  1198
j:  1199
-->Evaluation... 
loss_var:172.042 
loss_nino:21.051 
loss_com:0.451 
score:-2.400
j:  1200

-->batch:1200 loss_var:158.08, loss_nino:24.23, score:14.886
j:  1201
j:  1202
j:  1203
j:  1204
j:  1205
j:  1206
j:  1207
j:  1208
j:  1209
j:  1210
j:  1211
j:  1212
j:  1213
j:  1214
j:  1215
j:  1216
j:  1217
j:  1218
j:  1219
j:  1220
j:  1221
j:  1222
j:  1223
j:  1224
j:  1225
j:  1226
j:  1227
j:  1228
j:  1229
j:  1230
j:  1231
j:  1232
j:  1233
j:  1234
j:  1235
j:  1236
j:  1237
j:  1238
j:  1239
j:  1240
j:  1241
j:  1242
j:  1243
j:  1244
j:  1245
j:  1246
j:  1247
j:  1248
j:  1249
j:  1250
j:  1251
j:  1252
j:  1253
j:  1254
j:  1255
j:  1256
j:  1257
j:  1258
j:  1259
j:  1260
j:  1261
j:  1262
j:  1263
j:  1264
j:  1265
j:  1266
j:  1267
j:  1268
j:  1269
j:  1270
j:  1271
j:  1272
j:  1273
j:  1274
j:  1275
j:  1276
j:  1277
j:  1278
j:  1279
j:  1280
j:  1281
j:  1282
j:  1283
j:  1284
j:  1285
j:  1286
j:  1287
j:  1288
j:  1289
j:  1290
j:  1291
j:  1292
j:  1293
j:  1294
j:  1295
j:  1296
j:  1297
j:  1298
j:  1299
j:  1300

-->batch:1300 loss_var:144.14, loss_nino:16.06, score:31.087
j:  1301
j:  1302
j:  1303
j:  1304
j:  1305
j:  1306
j:  1307
j:  1308
j:  1309
j:  1310
j:  1311
j:  1312
j:  1313
j:  1314
j:  1315
j:  1316
j:  1317
j:  1318
j:  1319
j:  1320
j:  1321
j:  1322
j:  1323
j:  1324
j:  1325
j:  1326
j:  1327
j:  1328
j:  1329
j:  1330
j:  1331
j:  1332
j:  1333
j:  1334
j:  1335
j:  1336
j:  1337
j:  1338
j:  1339
j:  1340
j:  1341
j:  1342
j:  1343
j:  1344
j:  1345
j:  1346
j:  1347
j:  1348
j:  1349
j:  1350
j:  1351
j:  1352
j:  1353
j:  1354
j:  1355
j:  1356
j:  1357
j:  1358
j:  1359
j:  1360
j:  1361
j:  1362
j:  1363
j:  1364
j:  1365
j:  1366
j:  1367
j:  1368
j:  1369
j:  1370
j:  1371
j:  1372
j:  1373
j:  1374
j:  1375
j:  1376
j:  1377
j:  1378
j:  1379
j:  1380
j:  1381
j:  1382
j:  1383
j:  1384
j:  1385
j:  1386
j:  1387
j:  1388
j:  1389
j:  1390
j:  1391
j:  1392
j:  1393
j:  1394
j:  1395
j:  1396
j:  1397
j:  1398
j:  1399
-->Evaluation... 
loss_var:172.749 
loss_nino:20.621 
loss_com:0.454 
score:3.333

saving model...
j:  1400

-->batch:1400 loss_var:146.05, loss_nino:15.72, score:49.721
j:  1401
j:  1402
j:  1403
j:  1404
j:  1405
j:  1406
j:  1407
j:  1408
j:  1409
j:  1410
j:  1411
j:  1412
j:  1413
j:  1414
j:  1415
j:  1416
j:  1417
j:  1418
j:  1419
j:  1420
j:  1421
j:  1422
j:  1423
j:  1424
j:  1425
j:  1426
j:  1427
j:  1428
j:  1429
j:  1430
j:  1431
j:  1432
j:  1433
j:  1434
j:  1435
j:  1436
j:  1437
j:  1438
j:  1439
j:  1440
j:  1441
j:  1442
j:  1443
j:  1444
j:  1445
j:  1446
j:  1447
j:  1448
j:  1449
j:  1450
j:  1451
j:  1452
j:  1453
j:  1454
j:  1455
j:  1456
j:  1457
j:  1458
j:  1459
j:  1460
j:  1461
j:  1462
j:  1463
j:  1464
j:  1465
j:  1466
j:  1467
j:  1468
j:  1469
j:  1470
j:  1471
j:  1472
j:  1473
j:  1474
j:  1475
j:  1476
j:  1477
j:  1478
j:  1479
j:  1480
j:  1481
j:  1482
j:  1483
j:  1484
j:  1485
j:  1486
j:  1487
j:  1488
j:  1489
j:  1490
j:  1491
j:  1492
j:  1493
j:  1494
j:  1495
j:  1496
j:  1497
j:  1498
j:  1499
j:  1500

-->batch:1500 loss_var:144.27, loss_nino:19.44, score:35.245
j:  1501
j:  1502
j:  1503
j:  1504
j:  1505
j:  1506
j:  1507
j:  1508
j:  1509
j:  1510
j:  1511
j:  1512
j:  1513
j:  1514
j:  1515
j:  1516
j:  1517
j:  1518
j:  1519
j:  1520
j:  1521
j:  1522
j:  1523
j:  1524
j:  1525
j:  1526
j:  1527
j:  1528
j:  1529
j:  1530
j:  1531
j:  1532
j:  1533
j:  1534
j:  1535
j:  1536
j:  1537
j:  1538
j:  1539
j:  1540
j:  1541
j:  1542
j:  1543
j:  1544
j:  1545
j:  1546
j:  1547
j:  1548
j:  1549
j:  1550
j:  1551
j:  1552
j:  1553
j:  1554
j:  1555
j:  1556
j:  1557
j:  1558
j:  1559
j:  1560
j:  1561
j:  1562
j:  1563
j:  1564
j:  1565
j:  1566
j:  1567
j:  1568
j:  1569
j:  1570
j:  1571
j:  1572
j:  1573
j:  1574
j:  1575
j:  1576
j:  1577
j:  1578
j:  1579
j:  1580
j:  1581
j:  1582
j:  1583
j:  1584
j:  1585
j:  1586
j:  1587
j:  1588
j:  1589
j:  1590
j:  1591
j:  1592
j:  1593
j:  1594
j:  1595
j:  1596
j:  1597
j:  1598
j:  1599
-->Evaluation... 
loss_var:176.730 
loss_nino:22.913 
loss_com:0.466 
score:-2.201
j:  1600

-->batch:1600 loss_var:143.54, loss_nino:15.57, score:45.116
j:  1601
j:  1602
j:  1603
j:  1604
j:  1605
j:  1606
j:  1607
j:  1608
j:  1609
j:  1610
j:  1611
j:  1612
j:  1613
j:  1614
j:  1615
j:  1616
j:  1617
j:  1618
j:  1619
j:  1620
j:  1621
j:  1622
j:  1623
j:  1624

-->epoch14 end... 
loss_var:173.882 
loss_nino:21.661 
loss_com:0.457 
score: -0.736

sc is not increase for 1 epoch
================================================================================

-->epoch: 15
j:  0

-->batch:0 loss_var:146.74, loss_nino:17.52, score:29.082
j:  1
j:  2
j:  3
j:  4
j:  5
j:  6
j:  7
j:  8
j:  9
j:  10
j:  11
j:  12
j:  13
j:  14
j:  15
j:  16
j:  17
j:  18
j:  19
j:  20
j:  21
j:  22
j:  23
j:  24
j:  25
j:  26
j:  27
j:  28
j:  29
j:  30
j:  31
j:  32
j:  33
j:  34
j:  35
j:  36
j:  37
j:  38
j:  39
j:  40
j:  41
j:  42
j:  43
j:  44
j:  45
j:  46
j:  47
j:  48
j:  49
j:  50
j:  51
j:  52
j:  53
j:  54
j:  55
j:  56
j:  57
j:  58
j:  59
j:  60
j:  61
j:  62
j:  63
j:  64
j:  65
j:  66
j:  67
j:  68
j:  69
j:  70
j:  71
j:  72
j:  73
j:  74
j:  75
j:  76
j:  77
j:  78
j:  79
j:  80
j:  81
j:  82
j:  83
j:  84
j:  85
j:  86
j:  87
j:  88
j:  89
j:  90
j:  91
j:  92
j:  93
j:  94
j:  95
j:  96
j:  97
j:  98
j:  99
j:  100

-->batch:100 loss_var:151.31, loss_nino:23.89, score:28.215
j:  101
j:  102
j:  103
j:  104
j:  105
j:  106
j:  107
j:  108
j:  109
j:  110
j:  111
j:  112
j:  113
j:  114
j:  115
j:  116
j:  117
j:  118
j:  119
j:  120
j:  121
j:  122
j:  123
j:  124
j:  125
j:  126
j:  127
j:  128
j:  129
j:  130
j:  131
j:  132
j:  133
j:  134
j:  135
j:  136
j:  137
j:  138
j:  139
j:  140
j:  141
j:  142
j:  143
j:  144
j:  145
j:  146
j:  147
j:  148
j:  149
j:  150
j:  151
j:  152
j:  153
j:  154
j:  155
j:  156
j:  157
j:  158
j:  159
j:  160
j:  161
j:  162
j:  163
j:  164
j:  165
j:  166
j:  167
j:  168
j:  169
j:  170
j:  171
j:  172
j:  173
j:  174
j:  175
j:  176
j:  177
j:  178
j:  179
j:  180
j:  181
j:  182
j:  183
j:  184
j:  185
j:  186
j:  187
j:  188
j:  189
j:  190
j:  191
j:  192
j:  193
j:  194
j:  195
j:  196
j:  197
j:  198
j:  199
-->Evaluation... 
loss_var:178.733 
loss_nino:23.212 
loss_com:0.469 
score:-3.281
j:  200

-->batch:200 loss_var:142.96, loss_nino:19.19, score:22.001
j:  201
j:  202
j:  203
j:  204
j:  205
j:  206
j:  207
j:  208
j:  209
j:  210
j:  211
j:  212
j:  213
j:  214
j:  215
j:  216
j:  217
j:  218
j:  219
j:  220
j:  221
j:  222
j:  223
j:  224
j:  225
j:  226
j:  227
j:  228
j:  229
j:  230
j:  231
j:  232
j:  233
j:  234
j:  235
j:  236
j:  237
j:  238
j:  239
j:  240
j:  241
j:  242
j:  243
j:  244
j:  245
j:  246
j:  247
j:  248
j:  249
j:  250
j:  251
j:  252
j:  253
j:  254
j:  255
j:  256
j:  257
j:  258
j:  259
j:  260
j:  261
j:  262
j:  263
j:  264
j:  265
j:  266
j:  267
j:  268
j:  269
j:  270
j:  271
j:  272
j:  273
j:  274
j:  275
j:  276
j:  277
j:  278
j:  279
j:  280
j:  281
j:  282
j:  283
j:  284
j:  285
j:  286
j:  287
j:  288
j:  289
j:  290
j:  291
j:  292
j:  293
j:  294
j:  295
j:  296
j:  297
j:  298
j:  299
j:  300

-->batch:300 loss_var:151.83, loss_nino:21.50, score:26.480
j:  301
j:  302
j:  303
j:  304
j:  305
j:  306
j:  307
j:  308
j:  309
j:  310
j:  311
j:  312
j:  313
j:  314
j:  315
j:  316
j:  317
j:  318
j:  319
j:  320
j:  321
j:  322
j:  323
j:  324
j:  325
j:  326
j:  327
j:  328
j:  329
j:  330
j:  331
j:  332
j:  333
j:  334
j:  335
j:  336
j:  337
j:  338
j:  339
j:  340
j:  341
j:  342
j:  343
j:  344
j:  345
j:  346
j:  347
j:  348
j:  349
j:  350
j:  351
j:  352
j:  353
j:  354
j:  355
j:  356
j:  357
j:  358
j:  359
j:  360
j:  361
j:  362
j:  363
j:  364
j:  365
j:  366
j:  367
j:  368
j:  369
j:  370
j:  371
j:  372
j:  373
j:  374
j:  375
j:  376
j:  377
j:  378
j:  379
j:  380
j:  381
j:  382
j:  383
j:  384
j:  385
j:  386
j:  387
j:  388
j:  389
j:  390
j:  391
j:  392
j:  393
j:  394
j:  395
j:  396
j:  397
j:  398
j:  399
-->Evaluation... 
loss_var:173.413 
loss_nino:21.896 
loss_com:0.458 
score:-2.765
j:  400

-->batch:400 loss_var:153.06, loss_nino:21.42, score:38.482
j:  401
j:  402
j:  403
j:  404
j:  405
j:  406
j:  407
j:  408
j:  409
j:  410
j:  411
j:  412
j:  413
j:  414
j:  415
j:  416
j:  417
j:  418
j:  419
j:  420
j:  421
j:  422
j:  423
j:  424
j:  425
j:  426
j:  427
j:  428
j:  429
j:  430
j:  431
j:  432
j:  433
j:  434
j:  435
j:  436
j:  437
j:  438
j:  439
j:  440
j:  441
j:  442
j:  443
j:  444
j:  445
j:  446
j:  447
j:  448
j:  449
j:  450
j:  451
j:  452
j:  453
j:  454
j:  455
j:  456
j:  457
j:  458
j:  459
j:  460
j:  461
j:  462
j:  463
j:  464
j:  465
j:  466
j:  467
j:  468
j:  469
j:  470
j:  471
j:  472
j:  473
j:  474
j:  475
j:  476
j:  477
j:  478
j:  479
j:  480
j:  481
j:  482
j:  483
j:  484
j:  485
j:  486
j:  487
j:  488
j:  489
j:  490
j:  491
j:  492
j:  493
j:  494
j:  495
j:  496
j:  497
j:  498
j:  499
j:  500

-->batch:500 loss_var:150.01, loss_nino:20.41, score:34.300
j:  501
j:  502
j:  503
j:  504
j:  505
j:  506
j:  507
j:  508
j:  509
j:  510
j:  511
j:  512
j:  513
j:  514
j:  515
j:  516
j:  517
j:  518
j:  519
j:  520
j:  521
j:  522
j:  523
j:  524
j:  525
j:  526
j:  527
j:  528
j:  529
j:  530
j:  531
j:  532
j:  533
j:  534
j:  535
j:  536
j:  537
j:  538
j:  539
j:  540
j:  541
j:  542
j:  543
j:  544
j:  545
j:  546
j:  547
j:  548
j:  549
j:  550
j:  551
j:  552
j:  553
j:  554
j:  555
j:  556
j:  557
j:  558
j:  559
j:  560
j:  561
j:  562
j:  563
j:  564
j:  565
j:  566
j:  567
j:  568
j:  569
j:  570
j:  571
j:  572
j:  573
j:  574
j:  575
j:  576
j:  577
j:  578
j:  579
j:  580
j:  581
j:  582
j:  583
j:  584
j:  585
j:  586
j:  587
j:  588
j:  589
j:  590
j:  591
j:  592
j:  593
j:  594
j:  595
j:  596
j:  597
j:  598
j:  599
-->Evaluation... 
loss_var:174.852 
loss_nino:22.287 
loss_com:0.460 
score:-8.937
j:  600

-->batch:600 loss_var:159.60, loss_nino:26.27, score:6.819
j:  601
j:  602
j:  603
j:  604
j:  605
j:  606
j:  607
j:  608
j:  609
j:  610
j:  611
j:  612
j:  613
j:  614
j:  615
j:  616
j:  617
j:  618
j:  619
j:  620
j:  621
j:  622
j:  623
j:  624
j:  625
j:  626
j:  627
j:  628
j:  629
j:  630
j:  631
j:  632
j:  633
j:  634
j:  635
j:  636
j:  637
j:  638
j:  639
j:  640
j:  641
j:  642
j:  643
j:  644
j:  645
j:  646
j:  647
j:  648
j:  649
j:  650
j:  651
j:  652
j:  653
j:  654
j:  655
j:  656
j:  657
j:  658
j:  659
j:  660
j:  661
j:  662
j:  663
j:  664
j:  665
j:  666
j:  667
j:  668
j:  669
j:  670
j:  671
j:  672
j:  673
j:  674
j:  675
j:  676
j:  677
j:  678
j:  679
j:  680
j:  681
j:  682
j:  683
j:  684
j:  685
j:  686
j:  687
j:  688
j:  689
j:  690
j:  691
j:  692
j:  693
j:  694
j:  695
j:  696
j:  697
j:  698
j:  699
j:  700

-->batch:700 loss_var:146.87, loss_nino:16.44, score:29.684
j:  701
j:  702
j:  703
j:  704
j:  705
j:  706
j:  707
j:  708
j:  709
j:  710
j:  711
j:  712
j:  713
j:  714
j:  715
j:  716
j:  717
j:  718
j:  719
j:  720
j:  721
j:  722
j:  723
j:  724
j:  725
j:  726
j:  727
j:  728
j:  729
j:  730
j:  731
j:  732
j:  733
j:  734
j:  735
j:  736
j:  737
j:  738
j:  739
j:  740
j:  741
j:  742
j:  743
j:  744
j:  745
j:  746
j:  747
j:  748
j:  749
j:  750
j:  751
j:  752
j:  753
j:  754
j:  755
j:  756
j:  757
j:  758
j:  759
j:  760
j:  761
j:  762
j:  763
j:  764
j:  765
j:  766
j:  767
j:  768
j:  769
j:  770
j:  771
j:  772
j:  773
j:  774
j:  775
j:  776
j:  777
j:  778
j:  779
j:  780
j:  781
j:  782
j:  783
j:  784
j:  785
j:  786
j:  787
j:  788
j:  789
j:  790
j:  791
j:  792
j:  793
j:  794
j:  795
j:  796
j:  797
j:  798
j:  799
-->Evaluation... 
loss_var:170.865 
loss_nino:20.634 
loss_com:0.448 
score:0.480
j:  800

-->batch:800 loss_var:146.05, loss_nino:18.79, score:25.025
j:  801
j:  802
j:  803
j:  804
j:  805
j:  806
j:  807
j:  808
j:  809
j:  810
j:  811
j:  812
j:  813
j:  814
j:  815
j:  816
j:  817
j:  818
j:  819
j:  820
j:  821
j:  822
j:  823
j:  824
j:  825
j:  826
j:  827
j:  828
j:  829
j:  830
j:  831
j:  832
j:  833
j:  834
j:  835
j:  836
j:  837
j:  838
j:  839
j:  840
j:  841
j:  842
j:  843
j:  844
j:  845
j:  846
j:  847
j:  848
j:  849
j:  850
j:  851
j:  852
j:  853
j:  854
j:  855
j:  856
j:  857
j:  858
j:  859
j:  860
j:  861
j:  862
j:  863
j:  864
j:  865
j:  866
j:  867
j:  868
j:  869
j:  870
j:  871
j:  872
j:  873
j:  874
j:  875
j:  876
j:  877
j:  878
j:  879
j:  880
j:  881
j:  882
j:  883
j:  884
j:  885
j:  886
j:  887
j:  888
j:  889
j:  890
j:  891
j:  892
j:  893
j:  894
j:  895
j:  896
j:  897
j:  898
j:  899
j:  900

-->batch:900 loss_var:141.80, loss_nino:17.15, score:52.131
j:  901
j:  902
j:  903
j:  904
j:  905
j:  906
j:  907
j:  908
j:  909
j:  910
j:  911
j:  912
j:  913
j:  914
j:  915
j:  916
j:  917
j:  918
j:  919
j:  920
j:  921
j:  922
j:  923
j:  924
j:  925
j:  926
j:  927
j:  928
j:  929
j:  930
j:  931
j:  932
j:  933
j:  934
j:  935
j:  936
j:  937
j:  938
j:  939
j:  940
j:  941
j:  942
j:  943
j:  944
j:  945
j:  946
j:  947
j:  948
j:  949
j:  950
j:  951
j:  952
j:  953
j:  954
j:  955
j:  956
j:  957
j:  958
j:  959
j:  960
j:  961
j:  962
j:  963
j:  964
j:  965
j:  966
j:  967
j:  968
j:  969
j:  970
j:  971
j:  972
j:  973
j:  974
j:  975
j:  976
j:  977
j:  978
j:  979
j:  980
j:  981
j:  982
j:  983
j:  984
j:  985
j:  986
j:  987
j:  988
j:  989
j:  990
j:  991
j:  992
j:  993
j:  994
j:  995
j:  996
j:  997
j:  998
j:  999
-->Evaluation... 
loss_var:173.647 
loss_nino:20.998 
loss_com:0.454 
score:0.580
j:  1000

-->batch:1000 loss_var:159.00, loss_nino:25.34, score:1.997
j:  1001
j:  1002
j:  1003
j:  1004
j:  1005
j:  1006
j:  1007
j:  1008
j:  1009
j:  1010
j:  1011
j:  1012
j:  1013
j:  1014
j:  1015
j:  1016
j:  1017
j:  1018
j:  1019
j:  1020
j:  1021
j:  1022
j:  1023
j:  1024
j:  1025
j:  1026
j:  1027
j:  1028
j:  1029
j:  1030
j:  1031
j:  1032
j:  1033
j:  1034
j:  1035
j:  1036
j:  1037
j:  1038
j:  1039
j:  1040
j:  1041
j:  1042
j:  1043
j:  1044
j:  1045
j:  1046
j:  1047
j:  1048
j:  1049
j:  1050
j:  1051
j:  1052
j:  1053
j:  1054
j:  1055
j:  1056
j:  1057
j:  1058
j:  1059
j:  1060
j:  1061
j:  1062
j:  1063
j:  1064
j:  1065
j:  1066
j:  1067
j:  1068
j:  1069
j:  1070
j:  1071
j:  1072
j:  1073
j:  1074
j:  1075
j:  1076
j:  1077
j:  1078
j:  1079
j:  1080
j:  1081
j:  1082
j:  1083
j:  1084
j:  1085
j:  1086
j:  1087
j:  1088
j:  1089
j:  1090
j:  1091
j:  1092
j:  1093
j:  1094
j:  1095
j:  1096
j:  1097
j:  1098
j:  1099
j:  1100

-->batch:1100 loss_var:142.33, loss_nino:18.55, score:16.586
j:  1101
j:  1102
j:  1103
j:  1104
j:  1105
j:  1106
j:  1107
j:  1108
j:  1109
j:  1110
j:  1111
j:  1112
j:  1113
j:  1114
j:  1115
j:  1116
j:  1117
j:  1118
j:  1119
j:  1120
j:  1121
j:  1122
j:  1123
j:  1124
j:  1125
j:  1126
j:  1127
j:  1128
j:  1129
j:  1130
j:  1131
j:  1132
j:  1133
j:  1134
j:  1135
j:  1136
j:  1137
j:  1138
j:  1139
j:  1140
j:  1141
j:  1142
j:  1143
j:  1144
j:  1145
j:  1146
j:  1147
j:  1148
j:  1149
j:  1150
j:  1151
j:  1152
j:  1153
j:  1154
j:  1155
j:  1156
j:  1157
j:  1158
j:  1159
j:  1160
j:  1161
j:  1162
j:  1163
j:  1164
j:  1165
j:  1166
j:  1167
j:  1168
j:  1169
j:  1170
j:  1171
j:  1172
j:  1173
j:  1174
j:  1175
j:  1176
j:  1177
j:  1178
j:  1179
j:  1180
j:  1181
j:  1182
j:  1183
j:  1184
j:  1185
j:  1186
j:  1187
j:  1188
j:  1189
j:  1190
j:  1191
j:  1192
j:  1193
j:  1194
j:  1195
j:  1196
j:  1197
j:  1198
j:  1199
-->Evaluation... 
loss_var:172.621 
loss_nino:20.891 
loss_com:0.453 
score:-0.892
j:  1200

-->batch:1200 loss_var:147.36, loss_nino:22.07, score:1.296
j:  1201
j:  1202
j:  1203
j:  1204
j:  1205
j:  1206
j:  1207
j:  1208
j:  1209
j:  1210
j:  1211
j:  1212
j:  1213
j:  1214
j:  1215
j:  1216
j:  1217
j:  1218
j:  1219
j:  1220
j:  1221
j:  1222
j:  1223
j:  1224
j:  1225
j:  1226
j:  1227
j:  1228
j:  1229
j:  1230
j:  1231
j:  1232
j:  1233
j:  1234
j:  1235
j:  1236
j:  1237
j:  1238
j:  1239
j:  1240
j:  1241
j:  1242
j:  1243
j:  1244
j:  1245
j:  1246
j:  1247
j:  1248
j:  1249
j:  1250
j:  1251
j:  1252
j:  1253
j:  1254
j:  1255
j:  1256
j:  1257
j:  1258
j:  1259
j:  1260
j:  1261
j:  1262
j:  1263
j:  1264
j:  1265
j:  1266
j:  1267
j:  1268
j:  1269
j:  1270
j:  1271
j:  1272
j:  1273
j:  1274
j:  1275
j:  1276
j:  1277
j:  1278
j:  1279
j:  1280
j:  1281
j:  1282
j:  1283
j:  1284
j:  1285
j:  1286
j:  1287
j:  1288
j:  1289
j:  1290
j:  1291
j:  1292
j:  1293
j:  1294
j:  1295
j:  1296
j:  1297
j:  1298
j:  1299
j:  1300

-->batch:1300 loss_var:140.51, loss_nino:15.59, score:46.083
j:  1301
j:  1302
j:  1303
j:  1304
j:  1305
j:  1306
j:  1307
j:  1308
j:  1309
j:  1310
j:  1311
j:  1312
j:  1313
j:  1314
j:  1315
j:  1316
j:  1317
j:  1318
j:  1319
j:  1320
j:  1321
j:  1322
j:  1323
j:  1324
j:  1325
j:  1326
j:  1327
j:  1328
j:  1329
j:  1330
j:  1331
j:  1332
j:  1333
j:  1334
j:  1335
j:  1336
j:  1337
j:  1338
j:  1339
j:  1340
j:  1341
j:  1342
j:  1343
j:  1344
j:  1345
j:  1346
j:  1347
j:  1348
j:  1349
j:  1350
j:  1351
j:  1352
j:  1353
j:  1354
j:  1355
j:  1356
j:  1357
j:  1358
j:  1359
j:  1360
j:  1361
j:  1362
j:  1363
j:  1364
j:  1365
j:  1366
j:  1367
j:  1368
j:  1369
j:  1370
j:  1371
j:  1372
j:  1373
j:  1374
j:  1375
j:  1376
j:  1377
j:  1378
j:  1379
j:  1380
j:  1381
j:  1382
j:  1383
j:  1384
j:  1385
j:  1386
j:  1387
j:  1388
j:  1389
j:  1390
j:  1391
j:  1392
j:  1393
j:  1394
j:  1395
j:  1396
j:  1397
j:  1398
j:  1399
-->Evaluation... 
loss_var:175.034 
loss_nino:22.114 
loss_com:0.459 
score:-2.563
j:  1400

-->batch:1400 loss_var:151.70, loss_nino:23.52, score:27.817
j:  1401
j:  1402
j:  1403
j:  1404
j:  1405
j:  1406
j:  1407
j:  1408
j:  1409
j:  1410
j:  1411
j:  1412
j:  1413
j:  1414
j:  1415
j:  1416
j:  1417
j:  1418
j:  1419
j:  1420
j:  1421
j:  1422
j:  1423
j:  1424
j:  1425
j:  1426
j:  1427
j:  1428
j:  1429
j:  1430
j:  1431
j:  1432
j:  1433
j:  1434
j:  1435
j:  1436
j:  1437
j:  1438
j:  1439
j:  1440
j:  1441
j:  1442
j:  1443
j:  1444
j:  1445
j:  1446
j:  1447
j:  1448
j:  1449
j:  1450
j:  1451
j:  1452
j:  1453
j:  1454
j:  1455
j:  1456
j:  1457
j:  1458
j:  1459
j:  1460
j:  1461
j:  1462
j:  1463
j:  1464
j:  1465
j:  1466
j:  1467
j:  1468
j:  1469
j:  1470
j:  1471
j:  1472
j:  1473
j:  1474
j:  1475
j:  1476
j:  1477
j:  1478
j:  1479
j:  1480
j:  1481
j:  1482
j:  1483
j:  1484
j:  1485
j:  1486
j:  1487
j:  1488
j:  1489
j:  1490
j:  1491
j:  1492
j:  1493
j:  1494
j:  1495
j:  1496
j:  1497
j:  1498
j:  1499
j:  1500

-->batch:1500 loss_var:139.48, loss_nino:15.25, score:37.799
j:  1501
j:  1502
j:  1503
j:  1504
j:  1505
j:  1506
j:  1507
j:  1508
j:  1509
j:  1510
j:  1511
j:  1512
j:  1513
j:  1514
j:  1515
j:  1516
j:  1517
j:  1518
j:  1519
j:  1520
j:  1521
j:  1522
j:  1523
j:  1524
j:  1525
j:  1526
j:  1527
j:  1528
j:  1529
j:  1530
j:  1531
j:  1532
j:  1533
j:  1534
j:  1535
j:  1536
j:  1537
j:  1538
j:  1539
j:  1540
j:  1541
j:  1542
j:  1543
j:  1544
j:  1545
j:  1546
j:  1547
j:  1548
j:  1549
j:  1550
j:  1551
j:  1552
j:  1553
j:  1554
j:  1555
j:  1556
j:  1557
j:  1558
j:  1559
j:  1560
j:  1561
j:  1562
j:  1563
j:  1564
j:  1565
j:  1566
j:  1567
j:  1568
j:  1569
j:  1570
j:  1571
j:  1572
j:  1573
j:  1574
j:  1575
j:  1576
j:  1577
j:  1578
j:  1579
j:  1580
j:  1581
j:  1582
j:  1583
j:  1584
j:  1585
j:  1586
j:  1587
j:  1588
j:  1589
j:  1590
j:  1591
j:  1592
j:  1593
j:  1594
j:  1595
j:  1596
j:  1597
j:  1598
j:  1599
-->Evaluation... 
loss_var:174.926 
loss_nino:21.794 
loss_com:0.461 
score:-0.480
j:  1600

-->batch:1600 loss_var:125.16, loss_nino:15.14, score:39.384
j:  1601
j:  1602
j:  1603
j:  1604
j:  1605
j:  1606
j:  1607
j:  1608
j:  1609
j:  1610
j:  1611
j:  1612
j:  1613
j:  1614
j:  1615
j:  1616
j:  1617
j:  1618
j:  1619
j:  1620
j:  1621
j:  1622
j:  1623
j:  1624

-->epoch15 end... 
loss_var:172.986 
loss_nino:21.391 
loss_com:0.455 
score: -2.985

sc is not increase for 2 epoch
================================================================================

-->epoch: 16
j:  0

-->batch:0 loss_var:148.02, loss_nino:18.07, score:41.755
j:  1
j:  2
j:  3
j:  4
j:  5
j:  6
j:  7
j:  8
j:  9
j:  10
j:  11
j:  12
j:  13
j:  14
j:  15
j:  16
j:  17
j:  18
j:  19
j:  20
j:  21
j:  22
j:  23
j:  24
j:  25
j:  26
j:  27
j:  28
j:  29
j:  30
j:  31
j:  32
j:  33
j:  34
j:  35
j:  36
j:  37
j:  38
j:  39
j:  40
j:  41
j:  42
j:  43
j:  44
j:  45
j:  46
j:  47
j:  48
j:  49
j:  50
j:  51
j:  52
j:  53
j:  54
j:  55
j:  56
j:  57
j:  58
j:  59
j:  60
j:  61
j:  62
j:  63
j:  64
j:  65
j:  66
j:  67
j:  68
j:  69
j:  70
j:  71
j:  72
j:  73
j:  74
j:  75
j:  76
j:  77
j:  78
j:  79
j:  80
j:  81
j:  82
j:  83
j:  84
j:  85
j:  86
j:  87
j:  88
j:  89
j:  90
j:  91
j:  92
j:  93
j:  94
j:  95
j:  96
j:  97
j:  98
j:  99
j:  100

-->batch:100 loss_var:138.39, loss_nino:15.18, score:28.838
j:  101
j:  102
j:  103
j:  104
j:  105
j:  106
j:  107
j:  108
j:  109
j:  110
j:  111
j:  112
j:  113
j:  114
j:  115
j:  116
j:  117
j:  118
j:  119
j:  120
j:  121
j:  122
j:  123
j:  124
j:  125
j:  126
j:  127
j:  128
j:  129
j:  130
j:  131
j:  132
j:  133
j:  134
j:  135
j:  136
j:  137
j:  138
j:  139
j:  140
j:  141
j:  142
j:  143
j:  144
j:  145
j:  146
j:  147
j:  148
j:  149
j:  150
j:  151
j:  152
j:  153
j:  154
j:  155
j:  156
j:  157
j:  158
j:  159
j:  160
j:  161
j:  162
j:  163
j:  164
j:  165
j:  166
j:  167
j:  168
j:  169
j:  170
j:  171
j:  172
j:  173
j:  174
j:  175
j:  176
j:  177
j:  178
j:  179
j:  180
j:  181
j:  182
j:  183
j:  184
j:  185
j:  186
j:  187
j:  188
j:  189
j:  190
j:  191
j:  192
j:  193
j:  194
j:  195
j:  196
j:  197
j:  198
j:  199
-->Evaluation... 
loss_var:177.307 
loss_nino:22.883 
loss_com:0.466 
score:-4.729
j:  200

-->batch:200 loss_var:150.95, loss_nino:20.76, score:10.946
j:  201
j:  202
j:  203
j:  204
j:  205
j:  206
j:  207
j:  208
j:  209
j:  210
j:  211
j:  212
j:  213
j:  214
j:  215
j:  216
j:  217
j:  218
j:  219
j:  220
j:  221
j:  222
j:  223
j:  224
j:  225
j:  226
j:  227
j:  228
j:  229
j:  230
j:  231
j:  232
j:  233
j:  234
j:  235
j:  236
j:  237
j:  238
j:  239
j:  240
j:  241
j:  242
j:  243
j:  244
j:  245
j:  246
j:  247
j:  248
j:  249
j:  250
j:  251
j:  252
j:  253
j:  254
j:  255
j:  256
j:  257
j:  258
j:  259
j:  260
j:  261
j:  262
j:  263
j:  264
j:  265
j:  266
j:  267
j:  268
j:  269
j:  270
j:  271
j:  272
j:  273
j:  274
j:  275
j:  276
j:  277
j:  278
j:  279
j:  280
j:  281
j:  282
j:  283
j:  284
j:  285
j:  286
j:  287
j:  288
j:  289
j:  290
j:  291
j:  292
j:  293
j:  294
j:  295
j:  296
j:  297
j:  298
j:  299
j:  300

-->batch:300 loss_var:149.69, loss_nino:16.81, score:27.308
j:  301
j:  302
j:  303
j:  304
j:  305
j:  306
j:  307
j:  308
j:  309
j:  310
j:  311
j:  312
j:  313
j:  314
j:  315
j:  316
j:  317
j:  318
j:  319
j:  320
j:  321
j:  322
j:  323
j:  324
j:  325
j:  326
j:  327
j:  328
j:  329
j:  330
j:  331
j:  332
j:  333
j:  334
j:  335
j:  336
j:  337
j:  338
j:  339
j:  340
j:  341
j:  342
j:  343
j:  344
j:  345
j:  346
j:  347
j:  348
j:  349
j:  350
j:  351
j:  352
j:  353
j:  354
j:  355
j:  356
j:  357
j:  358
j:  359
j:  360
j:  361
j:  362
j:  363
j:  364
j:  365
j:  366
j:  367
j:  368
j:  369
j:  370
j:  371
j:  372
j:  373
j:  374
j:  375
j:  376
j:  377
j:  378
j:  379
j:  380
j:  381
j:  382
j:  383
j:  384
j:  385
j:  386
j:  387
j:  388
j:  389
j:  390
j:  391
j:  392
j:  393
j:  394
j:  395
j:  396
j:  397
j:  398
j:  399
-->Evaluation... 
loss_var:171.006 
loss_nino:21.008 
loss_com:0.449 
score:-3.036
j:  400

-->batch:400 loss_var:132.10, loss_nino:14.44, score:47.391
j:  401
j:  402
j:  403
j:  404
j:  405
j:  406
j:  407
j:  408
j:  409
j:  410
j:  411
j:  412
j:  413
j:  414
j:  415
j:  416
j:  417
j:  418
j:  419
j:  420
j:  421
j:  422
j:  423
j:  424
j:  425
j:  426
j:  427
j:  428
j:  429
j:  430
j:  431
j:  432
j:  433
j:  434
j:  435
j:  436
j:  437
j:  438
j:  439
j:  440
j:  441
j:  442
j:  443
j:  444
j:  445
j:  446
j:  447
j:  448
j:  449
j:  450
j:  451
j:  452
j:  453
j:  454
j:  455
j:  456
j:  457
j:  458
j:  459
j:  460
j:  461
j:  462
j:  463
j:  464
j:  465
j:  466
j:  467
j:  468
j:  469
j:  470
j:  471
j:  472
j:  473
j:  474
j:  475
j:  476
j:  477
j:  478
j:  479
j:  480
j:  481
j:  482
j:  483
j:  484
j:  485
j:  486
j:  487
j:  488
j:  489
j:  490
j:  491
j:  492
j:  493
j:  494
j:  495
j:  496
j:  497
j:  498
j:  499
j:  500

-->batch:500 loss_var:135.57, loss_nino:14.33, score:36.227
j:  501
j:  502
j:  503
j:  504
j:  505
j:  506
j:  507
j:  508
j:  509
j:  510
j:  511
j:  512
j:  513
j:  514
j:  515
j:  516
j:  517
j:  518
j:  519
j:  520
j:  521
j:  522
j:  523
j:  524
j:  525
j:  526
j:  527
j:  528
j:  529
j:  530
j:  531
j:  532
j:  533
j:  534
j:  535
j:  536
j:  537
j:  538
j:  539
j:  540
j:  541
j:  542
j:  543
j:  544
j:  545
j:  546
j:  547
j:  548
j:  549
j:  550
j:  551
j:  552
j:  553
j:  554
j:  555
j:  556
j:  557
j:  558
j:  559
j:  560
j:  561
j:  562
j:  563
j:  564
j:  565
j:  566
j:  567
j:  568
j:  569
j:  570
j:  571
j:  572
j:  573
j:  574
j:  575
j:  576
j:  577
j:  578
j:  579
j:  580
j:  581
j:  582
j:  583
j:  584
j:  585
j:  586
j:  587
j:  588
j:  589
j:  590
j:  591
j:  592
j:  593
j:  594
j:  595
j:  596
j:  597
j:  598
j:  599
-->Evaluation... 
loss_var:172.692 
loss_nino:21.384 
loss_com:0.454 
score:-1.025
j:  600

-->batch:600 loss_var:144.45, loss_nino:16.97, score:38.623
j:  601
j:  602
j:  603
j:  604
j:  605
j:  606
j:  607
j:  608
j:  609
j:  610
j:  611
j:  612
j:  613
j:  614
j:  615
j:  616
j:  617
j:  618
j:  619
j:  620
j:  621
j:  622
j:  623
j:  624
j:  625
j:  626
j:  627
j:  628
j:  629
j:  630
j:  631
j:  632
j:  633
j:  634
j:  635
j:  636
j:  637
j:  638
j:  639
j:  640
j:  641
j:  642
j:  643
j:  644
j:  645
j:  646
j:  647
j:  648
j:  649
j:  650
j:  651
j:  652
j:  653
j:  654
j:  655
j:  656
j:  657
j:  658
j:  659
j:  660
j:  661
j:  662
j:  663
j:  664
j:  665
j:  666
j:  667
j:  668
j:  669
j:  670
j:  671
j:  672
j:  673
j:  674
j:  675
j:  676
j:  677
j:  678
j:  679
j:  680
j:  681
j:  682
j:  683
j:  684
j:  685
j:  686
j:  687
j:  688
j:  689
j:  690
j:  691
j:  692
j:  693
j:  694
j:  695
j:  696
j:  697
j:  698
j:  699
j:  700

-->batch:700 loss_var:137.19, loss_nino:17.08, score:29.186
j:  701
j:  702
j:  703
j:  704
j:  705
j:  706
j:  707
j:  708
j:  709
j:  710
j:  711
j:  712
j:  713
j:  714
j:  715
j:  716
j:  717
j:  718
j:  719
j:  720
j:  721
j:  722
j:  723
j:  724
j:  725
j:  726
j:  727
j:  728
j:  729
j:  730
j:  731
j:  732
j:  733
j:  734
j:  735
j:  736
j:  737
j:  738
j:  739
j:  740
j:  741
j:  742
j:  743
j:  744
j:  745
j:  746
j:  747
j:  748
j:  749
j:  750
j:  751
j:  752
j:  753
j:  754
j:  755
j:  756
j:  757
j:  758
j:  759
j:  760
j:  761
j:  762
j:  763
j:  764
j:  765
j:  766
j:  767
j:  768
j:  769
j:  770
j:  771
j:  772
j:  773
j:  774
j:  775
j:  776
j:  777
j:  778
j:  779
j:  780
j:  781
j:  782
j:  783
j:  784
j:  785
j:  786
j:  787
j:  788
j:  789
j:  790
j:  791
j:  792
j:  793
j:  794
j:  795
j:  796
j:  797
j:  798
j:  799
-->Evaluation... 
loss_var:171.480 
loss_nino:20.429 
loss_com:0.448 
score:0.217
j:  800

-->batch:800 loss_var:144.73, loss_nino:19.61, score:14.393
j:  801
j:  802
j:  803
j:  804
j:  805
j:  806
j:  807
j:  808
j:  809
j:  810
j:  811
j:  812
j:  813
j:  814
j:  815
j:  816
j:  817
j:  818
j:  819
j:  820
j:  821
j:  822
j:  823
j:  824
j:  825
j:  826
j:  827
j:  828
j:  829
j:  830
j:  831
j:  832
j:  833
j:  834
j:  835
j:  836
j:  837
j:  838
j:  839
j:  840
j:  841
j:  842
j:  843
j:  844
j:  845
j:  846
j:  847
j:  848
j:  849
j:  850
j:  851
j:  852
j:  853
j:  854
j:  855
j:  856
j:  857
j:  858
j:  859
j:  860
j:  861
j:  862
j:  863
j:  864
j:  865
j:  866
j:  867
j:  868
j:  869
j:  870
j:  871
j:  872
j:  873
j:  874
j:  875
j:  876
j:  877
j:  878
j:  879
j:  880
j:  881
j:  882
j:  883
j:  884
j:  885
j:  886
j:  887
j:  888
j:  889
j:  890
j:  891
j:  892
j:  893
j:  894
j:  895
j:  896
j:  897
j:  898
j:  899
j:  900

-->batch:900 loss_var:128.32, loss_nino:12.08, score:25.394
j:  901
j:  902
j:  903
j:  904
j:  905
j:  906
j:  907
j:  908
j:  909
j:  910
j:  911
j:  912
j:  913
j:  914
j:  915
j:  916
j:  917
j:  918
j:  919
j:  920
j:  921
j:  922
j:  923
j:  924
j:  925
j:  926
j:  927
j:  928
j:  929
j:  930
j:  931
j:  932
j:  933
j:  934
j:  935
j:  936
j:  937
j:  938
j:  939
j:  940
j:  941
j:  942
j:  943
j:  944
j:  945
j:  946
j:  947
j:  948
j:  949
j:  950
j:  951
j:  952
j:  953
j:  954
j:  955
j:  956
j:  957
j:  958
j:  959
j:  960
j:  961
j:  962
j:  963
j:  964
j:  965
j:  966
j:  967
j:  968
j:  969
j:  970
j:  971
j:  972
j:  973
j:  974
j:  975
j:  976
j:  977
j:  978
j:  979
j:  980
j:  981
j:  982
j:  983
j:  984
j:  985
j:  986
j:  987
j:  988
j:  989
j:  990
j:  991
j:  992
j:  993
j:  994
j:  995
j:  996
j:  997
j:  998
j:  999
-->Evaluation... 
loss_var:177.144 
loss_nino:23.067 
loss_com:0.466 
score:-7.034
j:  1000

-->batch:1000 loss_var:144.80, loss_nino:20.43, score:25.945
j:  1001
j:  1002
j:  1003
j:  1004
j:  1005
j:  1006
j:  1007
j:  1008
j:  1009
j:  1010
j:  1011
j:  1012
j:  1013
j:  1014
j:  1015
j:  1016
j:  1017
j:  1018
j:  1019
j:  1020
j:  1021
j:  1022
j:  1023
j:  1024
j:  1025
j:  1026
j:  1027
j:  1028
j:  1029
j:  1030
j:  1031
j:  1032
j:  1033
j:  1034
j:  1035
j:  1036
j:  1037
j:  1038
j:  1039
j:  1040
j:  1041
j:  1042
j:  1043
j:  1044
j:  1045
j:  1046
j:  1047
j:  1048
j:  1049
j:  1050
j:  1051
j:  1052
j:  1053
j:  1054
j:  1055
j:  1056
j:  1057
j:  1058
j:  1059
j:  1060
j:  1061
j:  1062
j:  1063
j:  1064
j:  1065
j:  1066
j:  1067
j:  1068
j:  1069
j:  1070
j:  1071
j:  1072
j:  1073
j:  1074
j:  1075
j:  1076
j:  1077
j:  1078
j:  1079
j:  1080
j:  1081
j:  1082
j:  1083
j:  1084
j:  1085
j:  1086
j:  1087
j:  1088
j:  1089
j:  1090
j:  1091
j:  1092
j:  1093
j:  1094
j:  1095
j:  1096
j:  1097
j:  1098
j:  1099
j:  1100

-->batch:1100 loss_var:138.73, loss_nino:18.33, score:32.994
j:  1101
j:  1102
j:  1103
j:  1104
j:  1105
j:  1106
j:  1107
j:  1108
j:  1109
j:  1110
j:  1111
j:  1112
j:  1113
j:  1114
j:  1115
j:  1116
j:  1117
j:  1118
j:  1119
j:  1120
j:  1121
j:  1122
j:  1123
j:  1124
j:  1125
j:  1126
j:  1127
j:  1128
j:  1129
j:  1130
j:  1131
j:  1132
j:  1133
j:  1134
j:  1135
j:  1136
j:  1137
j:  1138
j:  1139
j:  1140
j:  1141
j:  1142
j:  1143
j:  1144
j:  1145
j:  1146
j:  1147
j:  1148
j:  1149
j:  1150
j:  1151
j:  1152
j:  1153
j:  1154
j:  1155
j:  1156
j:  1157
j:  1158
j:  1159
j:  1160
j:  1161
j:  1162
j:  1163
j:  1164
j:  1165
j:  1166
j:  1167
j:  1168
j:  1169
j:  1170
j:  1171
j:  1172
j:  1173
j:  1174
j:  1175
j:  1176
j:  1177
j:  1178
j:  1179
j:  1180
j:  1181
j:  1182
j:  1183
j:  1184
j:  1185
j:  1186
j:  1187
j:  1188
j:  1189
j:  1190
j:  1191
j:  1192
j:  1193
j:  1194
j:  1195
j:  1196
j:  1197
j:  1198
j:  1199
-->Evaluation... 
loss_var:172.353 
loss_nino:20.911 
loss_com:0.453 
score:-0.860
j:  1200

-->batch:1200 loss_var:149.46, loss_nino:19.90, score:8.348
j:  1201
j:  1202
j:  1203
j:  1204
j:  1205
j:  1206
j:  1207
j:  1208
j:  1209
j:  1210
j:  1211
j:  1212
j:  1213
j:  1214
j:  1215
j:  1216
j:  1217
j:  1218
j:  1219
j:  1220
j:  1221
j:  1222
j:  1223
j:  1224
j:  1225
j:  1226
j:  1227
j:  1228
j:  1229
j:  1230
j:  1231
j:  1232
j:  1233
j:  1234
j:  1235
j:  1236
j:  1237
j:  1238
j:  1239
j:  1240
j:  1241
j:  1242
j:  1243
j:  1244
j:  1245
j:  1246
j:  1247
j:  1248
j:  1249
j:  1250
j:  1251
j:  1252
j:  1253
j:  1254
j:  1255
j:  1256
j:  1257
j:  1258
j:  1259
j:  1260
j:  1261
j:  1262
j:  1263
j:  1264
j:  1265
j:  1266
j:  1267
j:  1268
j:  1269
j:  1270
j:  1271
j:  1272
j:  1273
j:  1274
j:  1275
j:  1276
j:  1277
j:  1278
j:  1279
j:  1280
j:  1281
j:  1282
j:  1283
j:  1284
j:  1285
j:  1286
j:  1287
j:  1288
j:  1289
j:  1290
j:  1291
j:  1292
j:  1293
j:  1294
j:  1295
j:  1296
j:  1297
j:  1298
j:  1299
j:  1300

-->batch:1300 loss_var:146.88, loss_nino:18.88, score:18.217
j:  1301
j:  1302
j:  1303
j:  1304
j:  1305
j:  1306
j:  1307
j:  1308
j:  1309
j:  1310
j:  1311
j:  1312
j:  1313
j:  1314
j:  1315
j:  1316
j:  1317
j:  1318
j:  1319
j:  1320
j:  1321
j:  1322
j:  1323
j:  1324
j:  1325
j:  1326
j:  1327
j:  1328
j:  1329
j:  1330
j:  1331
j:  1332
j:  1333
j:  1334
j:  1335
j:  1336
j:  1337
j:  1338
j:  1339
j:  1340
j:  1341
j:  1342
j:  1343
j:  1344
j:  1345
j:  1346
j:  1347
j:  1348
j:  1349
j:  1350
j:  1351
j:  1352
j:  1353
j:  1354
j:  1355
j:  1356
j:  1357
j:  1358
j:  1359
j:  1360
j:  1361
j:  1362
j:  1363
j:  1364
j:  1365
j:  1366
j:  1367
j:  1368
j:  1369
j:  1370
j:  1371
j:  1372
j:  1373
j:  1374
j:  1375
j:  1376
j:  1377
j:  1378
j:  1379
j:  1380
j:  1381
j:  1382
j:  1383
j:  1384
j:  1385
j:  1386
j:  1387
j:  1388
j:  1389
j:  1390
j:  1391
j:  1392
j:  1393
j:  1394
j:  1395
j:  1396
j:  1397
j:  1398
j:  1399
-->Evaluation... 
loss_var:170.764 
loss_nino:20.636 
loss_com:0.449 
score:2.738
j:  1400

-->batch:1400 loss_var:141.67, loss_nino:16.08, score:24.974
j:  1401
j:  1402
j:  1403
j:  1404
j:  1405
j:  1406
j:  1407
j:  1408
j:  1409
j:  1410
j:  1411
j:  1412
j:  1413
j:  1414
j:  1415
j:  1416
j:  1417
j:  1418
j:  1419
j:  1420
j:  1421
j:  1422
j:  1423
j:  1424
j:  1425
j:  1426
j:  1427
j:  1428
j:  1429
j:  1430
j:  1431
j:  1432
j:  1433
j:  1434
j:  1435
j:  1436
j:  1437
j:  1438
j:  1439
j:  1440
j:  1441
j:  1442
j:  1443
j:  1444
j:  1445
j:  1446
j:  1447
j:  1448
j:  1449
j:  1450
j:  1451
j:  1452
j:  1453
j:  1454
j:  1455
j:  1456
j:  1457
j:  1458
j:  1459
j:  1460
j:  1461
j:  1462
j:  1463
j:  1464
j:  1465
j:  1466
j:  1467
j:  1468
j:  1469
j:  1470
j:  1471
j:  1472
j:  1473
j:  1474
j:  1475
j:  1476
j:  1477
j:  1478
j:  1479
j:  1480
j:  1481
j:  1482
j:  1483
j:  1484
j:  1485
j:  1486
j:  1487
j:  1488
j:  1489
j:  1490
j:  1491
j:  1492
j:  1493
j:  1494
j:  1495
j:  1496
j:  1497
j:  1498
j:  1499
j:  1500

-->batch:1500 loss_var:147.92, loss_nino:19.65, score:35.254
j:  1501
j:  1502
j:  1503
j:  1504
j:  1505
j:  1506
j:  1507
j:  1508
j:  1509
j:  1510
j:  1511
j:  1512
j:  1513
j:  1514
j:  1515
j:  1516
j:  1517
j:  1518
j:  1519
j:  1520
j:  1521
j:  1522
j:  1523
j:  1524
j:  1525
j:  1526
j:  1527
j:  1528
j:  1529
j:  1530
j:  1531
j:  1532
j:  1533
j:  1534
j:  1535
j:  1536
j:  1537
j:  1538
j:  1539
j:  1540
j:  1541
j:  1542
j:  1543
j:  1544
j:  1545
j:  1546
j:  1547
j:  1548
j:  1549
j:  1550
j:  1551
j:  1552
j:  1553
j:  1554
j:  1555
j:  1556
j:  1557
j:  1558
j:  1559
j:  1560
j:  1561
j:  1562
j:  1563
j:  1564
j:  1565
j:  1566
j:  1567
j:  1568
j:  1569
j:  1570
j:  1571
j:  1572
j:  1573
j:  1574
j:  1575
j:  1576
j:  1577
j:  1578
j:  1579
j:  1580
j:  1581
j:  1582
j:  1583
j:  1584
j:  1585
j:  1586
j:  1587
j:  1588
j:  1589
j:  1590
j:  1591
j:  1592
j:  1593
j:  1594
j:  1595
j:  1596
j:  1597
j:  1598
j:  1599
-->Evaluation... 
loss_var:169.951 
loss_nino:19.536 
loss_com:0.446 
score:2.704
j:  1600

-->batch:1600 loss_var:149.70, loss_nino:17.61, score:47.883
j:  1601
j:  1602
j:  1603
j:  1604
j:  1605
j:  1606
j:  1607
j:  1608
j:  1609
j:  1610
j:  1611
j:  1612
j:  1613
j:  1614
j:  1615
j:  1616
j:  1617
j:  1618
j:  1619
j:  1620
j:  1621
j:  1622
j:  1623
j:  1624

-->epoch16 end... 
loss_var:171.623 
loss_nino:21.065 
loss_com:0.451 
score: -4.208

sc is not increase for 3 epoch
================================================================================

-->epoch: 17
j:  0

-->batch:0 loss_var:157.08, loss_nino:22.25, score:31.564
j:  1
j:  2
j:  3
j:  4
j:  5
j:  6
j:  7
j:  8
j:  9
j:  10
j:  11
j:  12
j:  13
j:  14
j:  15
j:  16
j:  17
j:  18
j:  19
j:  20
j:  21
j:  22
j:  23
j:  24
j:  25
j:  26
j:  27
j:  28
j:  29
j:  30
j:  31
j:  32
j:  33
j:  34
j:  35
j:  36
j:  37
j:  38
j:  39
j:  40
j:  41
j:  42
j:  43
j:  44
j:  45
j:  46
j:  47
j:  48
j:  49
j:  50
j:  51
j:  52
j:  53
j:  54
j:  55
j:  56
j:  57
j:  58
j:  59
j:  60
j:  61
j:  62
j:  63
j:  64
j:  65
j:  66
j:  67
j:  68
j:  69
j:  70
j:  71
j:  72
j:  73
j:  74
j:  75
j:  76
j:  77
j:  78
j:  79
j:  80
j:  81
j:  82
j:  83
j:  84
j:  85
j:  86
j:  87
j:  88
j:  89
j:  90
j:  91
j:  92
j:  93
j:  94
j:  95
j:  96
j:  97
j:  98
j:  99
j:  100

-->batch:100 loss_var:137.99, loss_nino:18.85, score:35.083
j:  101
j:  102
j:  103
j:  104
j:  105
j:  106
j:  107
j:  108
j:  109
j:  110
j:  111
j:  112
j:  113
j:  114
j:  115
j:  116
j:  117
j:  118
j:  119
j:  120
j:  121
j:  122
j:  123
j:  124
j:  125
j:  126
j:  127
j:  128
j:  129
j:  130
j:  131
j:  132
j:  133
j:  134
j:  135
j:  136
j:  137
j:  138
j:  139
j:  140
j:  141
j:  142
j:  143
j:  144
j:  145
j:  146
j:  147
j:  148
j:  149
j:  150
j:  151
j:  152
j:  153
j:  154
j:  155
j:  156
j:  157
j:  158
j:  159
j:  160
j:  161
j:  162
j:  163
j:  164
j:  165
j:  166
j:  167
j:  168
j:  169
j:  170
j:  171
j:  172
j:  173
j:  174
j:  175
j:  176
j:  177
j:  178
j:  179
j:  180
j:  181
j:  182
j:  183
j:  184
j:  185
j:  186
j:  187
j:  188
j:  189
j:  190
j:  191
j:  192
j:  193
j:  194
j:  195
j:  196
j:  197
j:  198
j:  199
-->Evaluation... 
loss_var:174.346 
loss_nino:22.331 
loss_com:0.458 
score:-1.084
j:  200

-->batch:200 loss_var:144.05, loss_nino:17.32, score:45.238
j:  201
j:  202
j:  203
j:  204
j:  205
j:  206
j:  207
j:  208
j:  209
j:  210
j:  211
j:  212
j:  213
j:  214
j:  215
j:  216
j:  217
j:  218
j:  219
j:  220
j:  221
j:  222
j:  223
j:  224
j:  225
j:  226
j:  227
j:  228
j:  229
j:  230
j:  231
j:  232
j:  233
j:  234
j:  235
j:  236
j:  237
j:  238
j:  239
j:  240
j:  241
j:  242
j:  243
j:  244
j:  245
j:  246
j:  247
j:  248
j:  249
j:  250
j:  251
j:  252
j:  253
j:  254
j:  255
j:  256
j:  257
j:  258
j:  259
j:  260
j:  261
j:  262
j:  263
j:  264
j:  265
j:  266
j:  267
j:  268
j:  269
j:  270
j:  271
j:  272
j:  273
j:  274
j:  275
j:  276
j:  277
j:  278
j:  279
j:  280
j:  281
j:  282
j:  283
j:  284
j:  285
j:  286
j:  287
j:  288
j:  289
j:  290
j:  291
j:  292
j:  293
j:  294
j:  295
j:  296
j:  297
j:  298
j:  299
j:  300

-->batch:300 loss_var:147.19, loss_nino:17.33, score:41.632
j:  301
j:  302
j:  303
j:  304
j:  305
j:  306
j:  307
j:  308
j:  309
j:  310
j:  311
j:  312
j:  313
j:  314
j:  315
j:  316
j:  317
j:  318
j:  319
j:  320
j:  321
j:  322
j:  323
j:  324
j:  325
j:  326
j:  327
j:  328
j:  329
j:  330
j:  331
j:  332
j:  333
j:  334
j:  335
j:  336
j:  337
j:  338
j:  339
j:  340
j:  341
j:  342
j:  343
j:  344
j:  345
j:  346
j:  347
j:  348
j:  349
j:  350
j:  351
j:  352
j:  353
j:  354
j:  355
j:  356
j:  357
j:  358
j:  359
j:  360
j:  361
j:  362
j:  363
j:  364
j:  365
j:  366
j:  367
j:  368
j:  369
j:  370
j:  371
j:  372
j:  373
j:  374
j:  375
j:  376
j:  377
j:  378
j:  379
j:  380
j:  381
j:  382
j:  383
j:  384
j:  385
j:  386
j:  387
j:  388
j:  389
j:  390
j:  391
j:  392
j:  393
j:  394
j:  395
j:  396
j:  397
j:  398
j:  399
-->Evaluation... 
loss_var:172.438 
loss_nino:20.525 
loss_com:0.453 
score:-1.096
j:  400

-->batch:400 loss_var:148.33, loss_nino:16.19, score:40.513
j:  401
j:  402
j:  403
j:  404
j:  405
j:  406
j:  407
j:  408
j:  409
j:  410
j:  411
j:  412
j:  413
j:  414
j:  415
j:  416
j:  417
j:  418
j:  419
j:  420
j:  421
j:  422
j:  423
j:  424
j:  425
j:  426
j:  427
j:  428
j:  429
j:  430
j:  431
j:  432
j:  433
j:  434
j:  435
j:  436
j:  437
j:  438
j:  439
j:  440
j:  441
j:  442
j:  443
j:  444
j:  445
j:  446
j:  447
j:  448
j:  449
j:  450
j:  451
j:  452
j:  453
j:  454
j:  455
j:  456
j:  457
j:  458
j:  459
j:  460
j:  461
j:  462
j:  463
j:  464
j:  465
j:  466
j:  467
j:  468
j:  469
j:  470
j:  471
j:  472
j:  473
j:  474
j:  475
j:  476
j:  477
j:  478
j:  479
j:  480
j:  481
j:  482
j:  483
j:  484
j:  485
j:  486
j:  487
j:  488
j:  489
j:  490
j:  491
j:  492
j:  493
j:  494
j:  495
j:  496
j:  497
j:  498
j:  499
j:  500

-->batch:500 loss_var:138.95, loss_nino:12.73, score:47.822
j:  501
j:  502
j:  503
j:  504
j:  505
j:  506
j:  507
j:  508
j:  509
j:  510
j:  511
j:  512
j:  513
j:  514
j:  515
j:  516
j:  517
j:  518
j:  519
j:  520
j:  521
j:  522
j:  523
j:  524
j:  525
j:  526
j:  527
j:  528
j:  529
j:  530
j:  531
j:  532
j:  533
j:  534
j:  535
j:  536
j:  537
j:  538
j:  539
j:  540
j:  541
j:  542
j:  543
j:  544
j:  545
j:  546
j:  547
j:  548
j:  549
j:  550
j:  551
j:  552
j:  553
j:  554
j:  555
j:  556
j:  557
j:  558
j:  559
j:  560
j:  561
j:  562
j:  563
j:  564
j:  565
j:  566
j:  567
j:  568
j:  569
j:  570
j:  571
j:  572
j:  573
j:  574
j:  575
j:  576
j:  577
j:  578
j:  579
j:  580
j:  581
j:  582
j:  583
j:  584
j:  585
j:  586
j:  587
j:  588
j:  589
j:  590
j:  591
j:  592
j:  593
j:  594
j:  595
j:  596
j:  597
j:  598
j:  599
-->Evaluation... 
loss_var:176.686 
loss_nino:22.724 
loss_com:0.465 
score:-6.263
j:  600

-->batch:600 loss_var:144.13, loss_nino:16.91, score:50.003
j:  601
j:  602
j:  603
j:  604
j:  605
j:  606
j:  607
j:  608
j:  609
j:  610
j:  611
j:  612
j:  613
j:  614
j:  615
j:  616
j:  617
j:  618
j:  619
j:  620
j:  621
j:  622
j:  623
j:  624
j:  625
j:  626
j:  627
j:  628
j:  629
j:  630
j:  631
j:  632
j:  633
j:  634
j:  635
j:  636
j:  637
j:  638
j:  639
j:  640
j:  641
j:  642
j:  643
j:  644
j:  645
j:  646
j:  647
j:  648
j:  649
j:  650
j:  651
j:  652
j:  653
j:  654
j:  655
j:  656
j:  657
j:  658
j:  659
j:  660
j:  661
j:  662
j:  663
j:  664
j:  665
j:  666
j:  667
j:  668
j:  669
j:  670
j:  671
j:  672
j:  673
j:  674
j:  675
j:  676
j:  677
j:  678
j:  679
j:  680
j:  681
j:  682
j:  683
j:  684
j:  685
j:  686
j:  687
j:  688
j:  689
j:  690
j:  691
j:  692
j:  693
j:  694
j:  695
j:  696
j:  697
j:  698
j:  699
j:  700

-->batch:700 loss_var:141.10, loss_nino:17.70, score:30.874
j:  701
j:  702
j:  703
j:  704
j:  705
j:  706
j:  707
j:  708
j:  709
j:  710
j:  711
j:  712
j:  713
j:  714
j:  715
j:  716
j:  717
j:  718
j:  719
j:  720
j:  721
j:  722
j:  723
j:  724
j:  725
j:  726
j:  727
j:  728
j:  729
j:  730
j:  731
j:  732
j:  733
j:  734
j:  735
j:  736
j:  737
j:  738
j:  739
j:  740
j:  741
j:  742
j:  743
j:  744
j:  745
j:  746
j:  747
j:  748
j:  749
j:  750
j:  751
j:  752
j:  753
j:  754
j:  755
j:  756
j:  757
j:  758
j:  759
j:  760
j:  761
j:  762
j:  763
j:  764
j:  765
j:  766
j:  767
j:  768
j:  769
j:  770
j:  771
j:  772
j:  773
j:  774
j:  775
j:  776
j:  777
j:  778
j:  779
j:  780
j:  781
j:  782
j:  783
j:  784
j:  785
j:  786
j:  787
j:  788
j:  789
j:  790
j:  791
j:  792
j:  793
j:  794
j:  795
j:  796
j:  797
j:  798
j:  799
-->Evaluation... 
loss_var:174.328 
loss_nino:22.064 
loss_com:0.460 
score:0.057
j:  800

-->batch:800 loss_var:157.28, loss_nino:19.17, score:17.256
j:  801
j:  802
j:  803
j:  804
j:  805
j:  806
j:  807
j:  808
j:  809
j:  810
j:  811
j:  812
j:  813
j:  814
j:  815
j:  816
j:  817
j:  818
j:  819
j:  820
j:  821
j:  822
j:  823
j:  824
j:  825
j:  826
j:  827
j:  828
j:  829
j:  830
j:  831
j:  832
j:  833
j:  834
j:  835
j:  836
j:  837
j:  838
j:  839
j:  840
j:  841
j:  842
j:  843
j:  844
j:  845
j:  846
j:  847
j:  848
j:  849
j:  850
j:  851
j:  852
j:  853
j:  854
j:  855
j:  856
j:  857
j:  858
j:  859
j:  860
j:  861
j:  862
j:  863
j:  864
j:  865
j:  866
j:  867
j:  868
j:  869
j:  870
j:  871
j:  872
j:  873
j:  874
j:  875
j:  876
j:  877
j:  878
j:  879
j:  880
j:  881
j:  882
j:  883
j:  884
j:  885
j:  886
j:  887
j:  888
j:  889
j:  890
j:  891
j:  892
j:  893
j:  894
j:  895
j:  896
j:  897
j:  898
j:  899
j:  900

-->batch:900 loss_var:142.02, loss_nino:17.76, score:30.132
j:  901
j:  902
j:  903
j:  904
j:  905
j:  906
j:  907
j:  908
j:  909
j:  910
j:  911
j:  912
j:  913
j:  914
j:  915
j:  916
j:  917
j:  918
j:  919
j:  920
j:  921
j:  922
j:  923
j:  924
j:  925
j:  926
j:  927
j:  928
j:  929
j:  930
j:  931
j:  932
j:  933
j:  934
j:  935
j:  936
j:  937
j:  938
j:  939
j:  940
j:  941
j:  942
j:  943
j:  944
j:  945
j:  946
j:  947
j:  948
j:  949
j:  950
j:  951
j:  952
j:  953
j:  954
j:  955
j:  956
j:  957
j:  958
j:  959
j:  960
j:  961
j:  962
j:  963
j:  964
j:  965
j:  966
j:  967
j:  968
j:  969
j:  970
j:  971
j:  972
j:  973
j:  974
j:  975
j:  976
j:  977
j:  978
j:  979
j:  980
j:  981
j:  982
j:  983
j:  984
j:  985
j:  986
j:  987
j:  988
j:  989
j:  990
j:  991
j:  992
j:  993
j:  994
j:  995
j:  996
j:  997
j:  998
j:  999
-->Evaluation... 
loss_var:174.710 
loss_nino:21.882 
loss_com:0.461 
score:0.571
j:  1000

-->batch:1000 loss_var:154.79, loss_nino:21.21, score:22.071
j:  1001
j:  1002
j:  1003
j:  1004
j:  1005
j:  1006
j:  1007
j:  1008
j:  1009
j:  1010
j:  1011
j:  1012
j:  1013
j:  1014
j:  1015
j:  1016
j:  1017
j:  1018
j:  1019
j:  1020
j:  1021
j:  1022
j:  1023
j:  1024
j:  1025
j:  1026
j:  1027
j:  1028
j:  1029
j:  1030
j:  1031
j:  1032
j:  1033
j:  1034
j:  1035
j:  1036
j:  1037
j:  1038
j:  1039
j:  1040
j:  1041
j:  1042
j:  1043
j:  1044
j:  1045
j:  1046
j:  1047
j:  1048
j:  1049
j:  1050
j:  1051
j:  1052
j:  1053
j:  1054
j:  1055
j:  1056
j:  1057
j:  1058
j:  1059
j:  1060
j:  1061
j:  1062
j:  1063
j:  1064
j:  1065
j:  1066
j:  1067
j:  1068
j:  1069
j:  1070
j:  1071
j:  1072
j:  1073
j:  1074
j:  1075
j:  1076
j:  1077
j:  1078
j:  1079
j:  1080
j:  1081
j:  1082
j:  1083
j:  1084
j:  1085
j:  1086
j:  1087
j:  1088
j:  1089
j:  1090
j:  1091
j:  1092
j:  1093
j:  1094
j:  1095
j:  1096
j:  1097
j:  1098
j:  1099
j:  1100

-->batch:1100 loss_var:158.65, loss_nino:25.21, score:12.809
j:  1101
j:  1102
j:  1103
j:  1104
j:  1105
j:  1106
j:  1107
j:  1108
j:  1109
j:  1110
j:  1111
j:  1112
j:  1113
j:  1114
j:  1115
j:  1116
j:  1117
j:  1118
j:  1119
j:  1120
j:  1121
j:  1122
j:  1123
j:  1124
j:  1125
j:  1126
j:  1127
j:  1128
j:  1129
j:  1130
j:  1131
j:  1132
j:  1133
j:  1134
j:  1135
j:  1136
j:  1137
j:  1138
j:  1139
j:  1140
j:  1141
j:  1142
j:  1143
j:  1144
j:  1145
j:  1146
j:  1147
j:  1148
j:  1149
j:  1150
j:  1151
j:  1152
j:  1153
j:  1154
j:  1155
j:  1156
j:  1157
j:  1158
j:  1159
j:  1160
j:  1161
j:  1162
j:  1163
j:  1164
j:  1165
j:  1166
j:  1167
j:  1168
j:  1169
j:  1170
j:  1171
j:  1172
j:  1173
j:  1174
j:  1175
j:  1176
j:  1177
j:  1178
j:  1179
j:  1180
j:  1181
j:  1182
j:  1183
j:  1184
j:  1185
j:  1186
j:  1187
j:  1188
j:  1189
j:  1190
j:  1191
j:  1192
j:  1193
j:  1194
j:  1195
j:  1196
j:  1197
j:  1198
j:  1199
-->Evaluation... 
loss_var:175.215 
loss_nino:22.708 
loss_com:0.460 
score:-2.854
j:  1200

-->batch:1200 loss_var:144.26, loss_nino:17.17, score:35.090
j:  1201
j:  1202
j:  1203
j:  1204
j:  1205
j:  1206
j:  1207
j:  1208
j:  1209
j:  1210
j:  1211
j:  1212
j:  1213
j:  1214
j:  1215
j:  1216
j:  1217
j:  1218
j:  1219
j:  1220
j:  1221
j:  1222
j:  1223
j:  1224
j:  1225
j:  1226
j:  1227
j:  1228
j:  1229
j:  1230
j:  1231
j:  1232
j:  1233
j:  1234
j:  1235
j:  1236
j:  1237
j:  1238
j:  1239
j:  1240
j:  1241
j:  1242
j:  1243
j:  1244
j:  1245
j:  1246
j:  1247
j:  1248
j:  1249
j:  1250
j:  1251
j:  1252
j:  1253
j:  1254
j:  1255
j:  1256
j:  1257
j:  1258
j:  1259
j:  1260
j:  1261
j:  1262
j:  1263
j:  1264
j:  1265
j:  1266
j:  1267
j:  1268
j:  1269
j:  1270
j:  1271
j:  1272
j:  1273
j:  1274
j:  1275
j:  1276
j:  1277
j:  1278
j:  1279
j:  1280
j:  1281
j:  1282
j:  1283
j:  1284
j:  1285
j:  1286
j:  1287
j:  1288
j:  1289
j:  1290
j:  1291
j:  1292
j:  1293
j:  1294
j:  1295
j:  1296
j:  1297
j:  1298
j:  1299
j:  1300

-->batch:1300 loss_var:145.59, loss_nino:19.53, score:33.453
j:  1301
j:  1302
j:  1303
j:  1304
j:  1305
j:  1306
j:  1307
j:  1308
j:  1309
j:  1310
j:  1311
j:  1312
j:  1313
j:  1314
j:  1315
j:  1316
j:  1317
j:  1318
j:  1319
j:  1320
j:  1321
j:  1322
j:  1323
j:  1324
j:  1325
j:  1326
j:  1327
j:  1328
j:  1329
j:  1330
j:  1331
j:  1332
j:  1333
j:  1334
j:  1335
j:  1336
j:  1337
j:  1338
j:  1339
j:  1340
j:  1341
j:  1342
j:  1343
j:  1344
j:  1345
j:  1346
j:  1347
j:  1348
j:  1349
j:  1350
j:  1351
j:  1352
j:  1353
j:  1354
j:  1355
j:  1356
j:  1357
j:  1358
j:  1359
j:  1360
j:  1361
j:  1362
j:  1363
j:  1364
j:  1365
j:  1366
j:  1367
j:  1368
j:  1369
j:  1370
j:  1371
j:  1372
j:  1373
j:  1374
j:  1375
j:  1376
j:  1377
j:  1378
j:  1379
j:  1380
j:  1381
j:  1382
j:  1383
j:  1384
j:  1385
j:  1386
j:  1387
j:  1388
j:  1389
j:  1390
j:  1391
j:  1392
j:  1393
j:  1394
j:  1395
j:  1396
j:  1397
j:  1398
j:  1399
-->Evaluation... 
loss_var:176.587 
loss_nino:22.651 
loss_com:0.464 
score:-2.886
j:  1400

-->batch:1400 loss_var:155.19, loss_nino:21.63, score:20.400
j:  1401
j:  1402
j:  1403
j:  1404
j:  1405
j:  1406
j:  1407
j:  1408
j:  1409
j:  1410
j:  1411
j:  1412
j:  1413
j:  1414
j:  1415
j:  1416
j:  1417
j:  1418
j:  1419
j:  1420
j:  1421
j:  1422
j:  1423
j:  1424
j:  1425
j:  1426
j:  1427
j:  1428
j:  1429
j:  1430
j:  1431
j:  1432
j:  1433
j:  1434
j:  1435
j:  1436
j:  1437
j:  1438
j:  1439
j:  1440
j:  1441
j:  1442
j:  1443
j:  1444
j:  1445
j:  1446
j:  1447
j:  1448
j:  1449
j:  1450
j:  1451
j:  1452
j:  1453
j:  1454
j:  1455
j:  1456
j:  1457
j:  1458
j:  1459
j:  1460
j:  1461
j:  1462
j:  1463
j:  1464
j:  1465
j:  1466
j:  1467
j:  1468
j:  1469
j:  1470
j:  1471
j:  1472
j:  1473
j:  1474
j:  1475
j:  1476
j:  1477
j:  1478
j:  1479
j:  1480
j:  1481
j:  1482
j:  1483
j:  1484
j:  1485
j:  1486
j:  1487
j:  1488
j:  1489
j:  1490
j:  1491
j:  1492
j:  1493
j:  1494
j:  1495
j:  1496
j:  1497
j:  1498
j:  1499
j:  1500

-->batch:1500 loss_var:173.66, loss_nino:29.72, score:16.160
j:  1501
j:  1502
j:  1503
j:  1504
j:  1505
j:  1506
j:  1507
j:  1508
j:  1509
j:  1510
j:  1511
j:  1512
j:  1513
j:  1514
j:  1515
j:  1516
j:  1517
j:  1518
j:  1519
j:  1520
j:  1521
j:  1522
j:  1523
j:  1524
j:  1525
j:  1526
j:  1527
j:  1528
j:  1529
j:  1530
j:  1531
j:  1532
j:  1533
j:  1534
j:  1535
j:  1536
j:  1537
j:  1538
j:  1539
j:  1540
j:  1541
j:  1542
j:  1543
j:  1544
j:  1545
j:  1546
j:  1547
j:  1548
j:  1549
j:  1550
j:  1551
j:  1552
j:  1553
j:  1554
j:  1555
j:  1556
j:  1557
j:  1558
j:  1559
j:  1560
j:  1561
j:  1562
j:  1563
j:  1564
j:  1565
j:  1566
j:  1567
j:  1568
j:  1569
j:  1570
j:  1571
j:  1572
j:  1573
j:  1574
j:  1575
j:  1576
j:  1577
j:  1578
j:  1579
j:  1580
j:  1581
j:  1582
j:  1583
j:  1584
j:  1585
j:  1586
j:  1587
j:  1588
j:  1589
j:  1590
j:  1591
j:  1592
j:  1593
j:  1594
j:  1595
j:  1596
j:  1597
j:  1598
j:  1599
-->Evaluation... 
loss_var:172.424 
loss_nino:21.389 
loss_com:0.454 
score:-0.571
j:  1600

-->batch:1600 loss_var:147.00, loss_nino:18.93, score:36.397
j:  1601
j:  1602
j:  1603
j:  1604
j:  1605
j:  1606
j:  1607
j:  1608
j:  1609
j:  1610
j:  1611
j:  1612
j:  1613
j:  1614
j:  1615
j:  1616
j:  1617
j:  1618
j:  1619
j:  1620
j:  1621
j:  1622
j:  1623
j:  1624

-->epoch17 end... 
loss_var:171.749 
loss_nino:21.392 
loss_com:0.452 
score: 0.331

sc is not increase for 4 epoch

-----!!!early stopping reached, max(sceval)= 3.333252!!!-----
